variable,basis,period,value,p10,p20,p30,p40,p50,p60,p70,p80,p90,source,source_url,note
cpi,calendar_year,2026,0.023011,0.016898,0.018815,0.020281,0.021637,0.023011,0.024466,0.026092,0.028062,0.030877,"OBR March 2026 EFO, detailed forecast tables: economy Table 1.7",https://obr.uk/docs/d055fbf02d5b3g6jq8l2/efo-march-2026-detailed-forecast-tables-economy.xlsx,"Fan chart deciles from EFO Chart 2.9 (charts and tables, chapter 2)"
cpi,calendar_year,2027,0.019685,-0.001086,0.005315,0.010273,0.01493,0.019685,0.024747,0.030422,0.037318,0.047199,"OBR March 2026 EFO, detailed forecast tables: economy Table 1.7",https://obr.uk/docs/d055fbf02d5b3g6jq8l2/efo-march-2026-detailed-forecast-tables-economy.xlsx,"Fan chart deciles from EFO Chart 2.9 (charts and tables, chapter 2)"
cpi,calendar_year,2028,0.019765,-0.00256,0.004261,0.009578,0.014611,0.019765,0.025262,0.031435,0.038945,0.04972,"OBR March 2026 EFO, detailed forecast tables: economy Table 1.7",https://obr.uk/docs/d055fbf02d5b3g6jq8l2/efo-march-2026-detailed-forecast-tables-economy.xlsx,"Fan chart deciles from EFO Chart 2.9 (charts and tables, chapter 2)"
cpi,calendar_year,2029,0.020202,-0.00365,0.003856,0.009586,0.014863,0.020202,0.025853,0.032161,0.039797,0.050701,"OBR March 2026 EFO, detailed forecast tables: economy Table 1.7",https://obr.uk/docs/d055fbf02d5b3g6jq8l2/efo-march-2026-detailed-forecast-tables-economy.xlsx,"Fan chart deciles from EFO Chart 2.9 (charts and tables, chapter 2)"
cpi,calendar_year,2030,0.019997,-0.005274,0.002786,0.008884,0.01443,0.019997,0.025865,0.032393,0.040272,0.051495,"OBR March 2026 EFO, detailed forecast tables: economy Table 1.7",https://obr.uk/docs/d055fbf02d5b3g6jq8l2/efo-march-2026-detailed-forecast-tables-economy.xlsx,"Fan chart deciles from EFO Chart 2.9 (charts and tables, chapter 2)"
cpi,q3_yoy,2026Q3,0.020841,,,,,,,,,,"OBR March 2026 EFO, detailed forecast tables: economy Table 1.7",https://obr.uk/docs/d055fbf02d5b3g6jq8l2/efo-march-2026-detailed-forecast-tables-economy.xlsx,Q3 average of 12-month CPI rate; triple lock uses September 12-month rate
cpi,q3_yoy,2027Q3,0.020128,,,,,,,,,,"OBR March 2026 EFO, detailed forecast tables: economy Table 1.7",https://obr.uk/docs/d055fbf02d5b3g6jq8l2/efo-march-2026-detailed-forecast-tables-economy.xlsx,Q3 average of 12-month CPI rate; triple lock uses September 12-month rate
cpi,q3_yoy,2028Q3,0.020215,,,,,,,,,,"OBR March 2026 EFO, detailed forecast tables: economy Table 1.7",https://obr.uk/docs/d055fbf02d5b3g6jq8l2/efo-march-2026-detailed-forecast-tables-economy.xlsx,Q3 average of 12-month CPI rate; triple lock uses September 12-month rate
cpi,q3_yoy,2029Q3,0.020001,,,,,,,,,,"OBR March 2026 EFO, detailed forecast tables: economy Table 1.7",https://obr.uk/docs/d055fbf02d5b3g6jq8l2/efo-march-2026-detailed-forecast-tables-economy.xlsx,Q3 average of 12-month CPI rate; triple lock uses September 12-month rate
cpi,q3_yoy,2030Q3,0.019996,,,,,,,,,,"OBR March 2026 EFO, detailed forecast tables: economy Table 1.7",https://obr.uk/docs/d055fbf02d5b3g6jq8l2/efo-march-2026-detailed-forecast-tables-economy.xlsx,Q3 average of 12-month CPI rate; triple lock uses September 12-month rate
earnings,calendar_year,2026,0.03358,,,,,,,,,,"OBR March 2026 EFO, detailed forecast tables: economy Table 1.6",https://obr.uk/docs/d055fbf02d5b3g6jq8l2/efo-march-2026-detailed-forecast-tables-economy.xlsx,"OBR average earnings = wages and salaries / employees (national accounts), not AWE"
earnings,calendar_year,2027,0.02362,,,,,,,,,,"OBR March 2026 EFO, detailed forecast tables: economy Table 1.6",https://obr.uk/docs/d055fbf02d5b3g6jq8l2/efo-march-2026-detailed-forecast-tables-economy.xlsx,"OBR average earnings = wages and salaries / employees (national accounts), not AWE"
earnings,calendar_year,2028,0.020943,,,,,,,,,,"OBR March 2026 EFO, detailed forecast tables: economy Table 1.6",https://obr.uk/docs/d055fbf02d5b3g6jq8l2/efo-march-2026-detailed-forecast-tables-economy.xlsx,"OBR average earnings = wages and salaries / employees (national accounts), not AWE"
earnings,calendar_year,2029,0.022076,,,,,,,,,,"OBR March 2026 EFO, detailed forecast tables: economy Table 1.6",https://obr.uk/docs/d055fbf02d5b3g6jq8l2/efo-march-2026-detailed-forecast-tables-economy.xlsx,"OBR average earnings = wages and salaries / employees (national accounts), not AWE"
earnings,calendar_year,2030,0.024057,,,,,,,,,,"OBR March 2026 EFO, detailed forecast tables: economy Table 1.6",https://obr.uk/docs/d055fbf02d5b3g6jq8l2/efo-march-2026-detailed-forecast-tables-economy.xlsx,"OBR average earnings = wages and salaries / employees (national accounts), not AWE"
earnings,q2_yoy,2026Q2,0.036736,,,,,,,,,,"OBR March 2026 EFO, detailed forecast tables: economy Table 1.6",https://obr.uk/docs/d055fbf02d5b3g6jq8l2/efo-march-2026-detailed-forecast-tables-economy.xlsx,Q2 y/y growth of wages and salaries per employee; triple lock uses May-July AWE total pay
earnings,q2_yoy,2027Q2,0.024266,,,,,,,,,,"OBR March 2026 EFO, detailed forecast tables: economy Table 1.6",https://obr.uk/docs/d055fbf02d5b3g6jq8l2/efo-march-2026-detailed-forecast-tables-economy.xlsx,Q2 y/y growth of wages and salaries per employee; triple lock uses May-July AWE total pay
earnings,q2_yoy,2028Q2,0.020795,,,,,,,,,,"OBR March 2026 EFO, detailed forecast tables: economy Table 1.6",https://obr.uk/docs/d055fbf02d5b3g6jq8l2/efo-march-2026-detailed-forecast-tables-economy.xlsx,Q2 y/y growth of wages and salaries per employee; triple lock uses May-July AWE total pay
earnings,q2_yoy,2029Q2,0.021852,,,,,,,,,,"OBR March 2026 EFO, detailed forecast tables: economy Table 1.6",https://obr.uk/docs/d055fbf02d5b3g6jq8l2/efo-march-2026-detailed-forecast-tables-economy.xlsx,Q2 y/y growth of wages and salaries per employee; triple lock uses May-July AWE total pay
earnings,q2_yoy,2030Q2,0.02389,,,,,,,,,,"OBR March 2026 EFO, detailed forecast tables: economy Table 1.6",https://obr.uk/docs/d055fbf02d5b3g6jq8l2/efo-march-2026-detailed-forecast-tables-economy.xlsx,Q2 y/y growth of wages and salaries per employee; triple lock uses May-July AWE total pay
cpi,fiscal_year,2025-26,0.03438,,,,,,,,,,"OBR March 2026 EFO, detailed forecast tables: economy Table 1.7",https://obr.uk/docs/d055fbf02d5b3g6jq8l2/efo-march-2026-detailed-forecast-tables-economy.xlsx,
earnings,fiscal_year,2025-26,0.045854,,,,,,,,,,"OBR March 2026 EFO, detailed forecast tables: economy Table 1.6",https://obr.uk/docs/d055fbf02d5b3g6jq8l2/efo-march-2026-detailed-forecast-tables-economy.xlsx,wages and salaries / employees
cpi,fiscal_year,2026-27,0.020145,,,,,,,,,,"OBR March 2026 EFO, detailed forecast tables: economy Table 1.7",https://obr.uk/docs/d055fbf02d5b3g6jq8l2/efo-march-2026-detailed-forecast-tables-economy.xlsx,
earnings,fiscal_year,2026-27,0.031719,,,,,,,,,,"OBR March 2026 EFO, detailed forecast tables: economy Table 1.6",https://obr.uk/docs/d055fbf02d5b3g6jq8l2/efo-march-2026-detailed-forecast-tables-economy.xlsx,wages and salaries / employees
cpi,fiscal_year,2027-28,0.019499,,,,,,,,,,"OBR March 2026 EFO, detailed forecast tables: economy Table 1.7",https://obr.uk/docs/d055fbf02d5b3g6jq8l2/efo-march-2026-detailed-forecast-tables-economy.xlsx,
earnings,fiscal_year,2027-28,0.021916,,,,,,,,,,"OBR March 2026 EFO, detailed forecast tables: economy Table 1.6",https://obr.uk/docs/d055fbf02d5b3g6jq8l2/efo-march-2026-detailed-forecast-tables-economy.xlsx,wages and salaries / employees
cpi,fiscal_year,2028-29,0.020362,,,,,,,,,,"OBR March 2026 EFO, detailed forecast tables: economy Table 1.7",https://obr.uk/docs/d055fbf02d5b3g6jq8l2/efo-march-2026-detailed-forecast-tables-economy.xlsx,
earnings,fiscal_year,2028-29,0.021207,,,,,,,,,,"OBR March 2026 EFO, detailed forecast tables: economy Table 1.6",https://obr.uk/docs/d055fbf02d5b3g6jq8l2/efo-march-2026-detailed-forecast-tables-economy.xlsx,wages and salaries / employees
cpi,fiscal_year,2029-30,0.020001,,,,,,,,,,"OBR March 2026 EFO, detailed forecast tables: economy Table 1.7",https://obr.uk/docs/d055fbf02d5b3g6jq8l2/efo-march-2026-detailed-forecast-tables-economy.xlsx,
earnings,fiscal_year,2029-30,0.022528,,,,,,,,,,"OBR March 2026 EFO, detailed forecast tables: economy Table 1.6",https://obr.uk/docs/d055fbf02d5b3g6jq8l2/efo-march-2026-detailed-forecast-tables-economy.xlsx,wages and salaries / employees
cpi,fiscal_year,2030-31,0.019998,,,,,,,,,,"OBR March 2026 EFO, detailed forecast tables: economy Table 1.7",https://obr.uk/docs/d055fbf02d5b3g6jq8l2/efo-march-2026-detailed-forecast-tables-economy.xlsx,
earnings,fiscal_year,2030-31,0.024382,,,,,,,,,,"OBR March 2026 EFO, detailed forecast tables: economy Table 1.6",https://obr.uk/docs/d055fbf02d5b3g6jq8l2/efo-march-2026-detailed-forecast-tables-economy.xlsx,wages and salaries / employees
earnings,fiscal_year_lted,2025-26,0.045854,,,,,,,,,,"OBR Long-term economic determinants, March 2026 EFO (dated 28 May 2026)",https://obr.uk/docs/dlm_uploads/Long-term-economic-determinants-March-2026-EFO.xlsx,Medium-term EFO forecast; average earnings = wages and salaries / employees
earnings,fiscal_year_lted,2026-27,0.031719,,,,,,,,,,"OBR Long-term economic determinants, March 2026 EFO (dated 28 May 2026)",https://obr.uk/docs/dlm_uploads/Long-term-economic-determinants-March-2026-EFO.xlsx,Medium-term EFO forecast; average earnings = wages and salaries / employees
earnings,fiscal_year_lted,2027-28,0.021916,,,,,,,,,,"OBR Long-term economic determinants, March 2026 EFO (dated 28 May 2026)",https://obr.uk/docs/dlm_uploads/Long-term-economic-determinants-March-2026-EFO.xlsx,Medium-term EFO forecast; average earnings = wages and salaries / employees
earnings,fiscal_year_lted,2028-29,0.021207,,,,,,,,,,"OBR Long-term economic determinants, March 2026 EFO (dated 28 May 2026)",https://obr.uk/docs/dlm_uploads/Long-term-economic-determinants-March-2026-EFO.xlsx,Medium-term EFO forecast; average earnings = wages and salaries / employees
earnings,fiscal_year_lted,2029-30,0.022528,,,,,,,,,,"OBR Long-term economic determinants, March 2026 EFO (dated 28 May 2026)",https://obr.uk/docs/dlm_uploads/Long-term-economic-determinants-March-2026-EFO.xlsx,Medium-term EFO forecast; average earnings = wages and salaries / employees
earnings,fiscal_year_lted,2030-31,0.024382,,,,,,,,,,"OBR Long-term economic determinants, March 2026 EFO (dated 28 May 2026)",https://obr.uk/docs/dlm_uploads/Long-term-economic-determinants-March-2026-EFO.xlsx,Medium-term EFO forecast; average earnings = wages and salaries / employees
earnings,fiscal_year_lted,2031-32,0.027658,,,,,,,,,,"OBR Long-term economic determinants, March 2026 EFO (dated 28 May 2026)",https://obr.uk/docs/dlm_uploads/Long-term-economic-determinants-March-2026-EFO.xlsx,Long-term projection beyond EFO horizon (not a forecast); average earnings = wages and salaries / employees
earnings,fiscal_year_lted,2032-33,0.030935,,,,,,,,,,"OBR Long-term economic determinants, March 2026 EFO (dated 28 May 2026)",https://obr.uk/docs/dlm_uploads/Long-term-economic-determinants-March-2026-EFO.xlsx,Long-term projection beyond EFO horizon (not a forecast); average earnings = wages and salaries / employees
earnings,fiscal_year_lted,2033-34,0.034211,,,,,,,,,,"OBR Long-term economic determinants, March 2026 EFO (dated 28 May 2026)",https://obr.uk/docs/dlm_uploads/Long-term-economic-determinants-March-2026-EFO.xlsx,Long-term projection beyond EFO horizon (not a forecast); average earnings = wages and salaries / employees
earnings,fiscal_year_lted,2034-35,0.034624,,,,,,,,,,"OBR Long-term economic determinants, March 2026 EFO (dated 28 May 2026)",https://obr.uk/docs/dlm_uploads/Long-term-economic-determinants-March-2026-EFO.xlsx,Long-term projection beyond EFO horizon (not a forecast); average earnings = wages and salaries / employees
earnings,fiscal_year_lted,2035-36,0.035037,,,,,,,,,,"OBR Long-term economic determinants, March 2026 EFO (dated 28 May 2026)",https://obr.uk/docs/dlm_uploads/Long-term-economic-determinants-March-2026-EFO.xlsx,Long-term projection beyond EFO horizon (not a forecast); average earnings = wages and salaries / employees
earnings,fiscal_year_lted,2036-37,0.03545,,,,,,,,,,"OBR Long-term economic determinants, March 2026 EFO (dated 28 May 2026)",https://obr.uk/docs/dlm_uploads/Long-term-economic-determinants-March-2026-EFO.xlsx,Long-term projection beyond EFO horizon (not a forecast); average earnings = wages and salaries / employees
cpi,fiscal_year_lted,2025-26,0.03438,,,,,,,,,,"OBR Long-term economic determinants, March 2026 EFO (dated 28 May 2026)",https://obr.uk/docs/dlm_uploads/Long-term-economic-determinants-March-2026-EFO.xlsx,Medium-term EFO forecast
cpi,fiscal_year_lted,2026-27,0.020145,,,,,,,,,,"OBR Long-term economic determinants, March 2026 EFO (dated 28 May 2026)",https://obr.uk/docs/dlm_uploads/Long-term-economic-determinants-March-2026-EFO.xlsx,Medium-term EFO forecast
cpi,fiscal_year_lted,2027-28,0.019499,,,,,,,,,,"OBR Long-term economic determinants, March 2026 EFO (dated 28 May 2026)",https://obr.uk/docs/dlm_uploads/Long-term-economic-determinants-March-2026-EFO.xlsx,Medium-term EFO forecast
cpi,fiscal_year_lted,2028-29,0.020362,,,,,,,,,,"OBR Long-term economic determinants, March 2026 EFO (dated 28 May 2026)",https://obr.uk/docs/dlm_uploads/Long-term-economic-determinants-March-2026-EFO.xlsx,Medium-term EFO forecast
cpi,fiscal_year_lted,2029-30,0.020001,,,,,,,,,,"OBR Long-term economic determinants, March 2026 EFO (dated 28 May 2026)",https://obr.uk/docs/dlm_uploads/Long-term-economic-determinants-March-2026-EFO.xlsx,Medium-term EFO forecast
cpi,fiscal_year_lted,2030-31,0.019998,,,,,,,,,,"OBR Long-term economic determinants, March 2026 EFO (dated 28 May 2026)",https://obr.uk/docs/dlm_uploads/Long-term-economic-determinants-March-2026-EFO.xlsx,Medium-term EFO forecast
cpi,fiscal_year_lted,2031-32,0.02,,,,,,,,,,"OBR Long-term economic determinants, March 2026 EFO (dated 28 May 2026)",https://obr.uk/docs/dlm_uploads/Long-term-economic-determinants-March-2026-EFO.xlsx,Long-term projection beyond EFO horizon (not a forecast)
cpi,fiscal_year_lted,2032-33,0.02,,,,,,,,,,"OBR Long-term economic determinants, March 2026 EFO (dated 28 May 2026)",https://obr.uk/docs/dlm_uploads/Long-term-economic-determinants-March-2026-EFO.xlsx,Long-term projection beyond EFO horizon (not a forecast)
cpi,fiscal_year_lted,2033-34,0.02,,,,,,,,,,"OBR Long-term economic determinants, March 2026 EFO (dated 28 May 2026)",https://obr.uk/docs/dlm_uploads/Long-term-economic-determinants-March-2026-EFO.xlsx,Long-term projection beyond EFO horizon (not a forecast)
cpi,fiscal_year_lted,2034-35,0.02,,,,,,,,,,"OBR Long-term economic determinants, March 2026 EFO (dated 28 May 2026)",https://obr.uk/docs/dlm_uploads/Long-term-economic-determinants-March-2026-EFO.xlsx,Long-term projection beyond EFO horizon (not a forecast)
cpi,fiscal_year_lted,2035-36,0.02,,,,,,,,,,"OBR Long-term economic determinants, March 2026 EFO (dated 28 May 2026)",https://obr.uk/docs/dlm_uploads/Long-term-economic-determinants-March-2026-EFO.xlsx,Long-term projection beyond EFO horizon (not a forecast)
cpi,fiscal_year_lted,2036-37,0.02,,,,,,,,,,"OBR Long-term economic determinants, March 2026 EFO (dated 28 May 2026)",https://obr.uk/docs/dlm_uploads/Long-term-economic-determinants-March-2026-EFO.xlsx,Long-term projection beyond EFO horizon (not a forecast)
triple_lock_uprating,fiscal_year_lted,2025-26,0.048,,,,,,,,,,"OBR Long-term economic determinants, March 2026 EFO (dated 28 May 2026)",https://obr.uk/docs/dlm_uploads/Long-term-economic-determinants-March-2026-EFO.xlsx,"Medium-term EFO forecast; OBR 'Triple Lock' row: uprating determined by this fiscal year's inputs (Sept CPI / May-Jul AWE), paid from the following April (e.g. 2025-26 = 4.8% paid April 2026)"
triple_lock_uprating,fiscal_year_lted,2026-27,0.037,,,,,,,,,,"OBR Long-term economic determinants, March 2026 EFO (dated 28 May 2026)",https://obr.uk/docs/dlm_uploads/Long-term-economic-determinants-March-2026-EFO.xlsx,"Medium-term EFO forecast; OBR 'Triple Lock' row: uprating determined by this fiscal year's inputs (Sept CPI / May-Jul AWE), paid from the following April (e.g. 2025-26 = 4.8% paid April 2026)"
triple_lock_uprating,fiscal_year_lted,2027-28,0.025,,,,,,,,,,"OBR Long-term economic determinants, March 2026 EFO (dated 28 May 2026)",https://obr.uk/docs/dlm_uploads/Long-term-economic-determinants-March-2026-EFO.xlsx,"Medium-term EFO forecast; OBR 'Triple Lock' row: uprating determined by this fiscal year's inputs (Sept CPI / May-Jul AWE), paid from the following April (e.g. 2025-26 = 4.8% paid April 2026)"
triple_lock_uprating,fiscal_year_lted,2028-29,0.025,,,,,,,,,,"OBR Long-term economic determinants, March 2026 EFO (dated 28 May 2026)",https://obr.uk/docs/dlm_uploads/Long-term-economic-determinants-March-2026-EFO.xlsx,"Medium-term EFO forecast; OBR 'Triple Lock' row: uprating determined by this fiscal year's inputs (Sept CPI / May-Jul AWE), paid from the following April (e.g. 2025-26 = 4.8% paid April 2026)"
triple_lock_uprating,fiscal_year_lted,2029-30,0.025,,,,,,,,,,"OBR Long-term economic determinants, March 2026 EFO (dated 28 May 2026)",https://obr.uk/docs/dlm_uploads/Long-term-economic-determinants-March-2026-EFO.xlsx,"Medium-term EFO forecast; OBR 'Triple Lock' row: uprating determined by this fiscal year's inputs (Sept CPI / May-Jul AWE), paid from the following April (e.g. 2025-26 = 4.8% paid April 2026)"
triple_lock_uprating,fiscal_year_lted,2030-31,0.025,,,,,,,,,,"OBR Long-term economic determinants, March 2026 EFO (dated 28 May 2026)",https://obr.uk/docs/dlm_uploads/Long-term-economic-determinants-March-2026-EFO.xlsx,"Medium-term EFO forecast; OBR 'Triple Lock' row: uprating determined by this fiscal year's inputs (Sept CPI / May-Jul AWE), paid from the following April (e.g. 2025-26 = 4.8% paid April 2026)"
triple_lock_uprating,fiscal_year_lted,2031-32,0.029927,,,,,,,,,,"OBR Long-term economic determinants, March 2026 EFO (dated 28 May 2026)",https://obr.uk/docs/dlm_uploads/Long-term-economic-determinants-March-2026-EFO.xlsx,"Long-term projection beyond EFO horizon (not a forecast); OBR 'Triple Lock' row: uprating determined by this fiscal year's inputs (Sept CPI / May-Jul AWE), paid from the following April (e.g. 2025-26 = 4.8% paid April 2026)"
triple_lock_uprating,fiscal_year_lted,2032-33,0.034855,,,,,,,,,,"OBR Long-term economic determinants, March 2026 EFO (dated 28 May 2026)",https://obr.uk/docs/dlm_uploads/Long-term-economic-determinants-March-2026-EFO.xlsx,"Long-term projection beyond EFO horizon (not a forecast); OBR 'Triple Lock' row: uprating determined by this fiscal year's inputs (Sept CPI / May-Jul AWE), paid from the following April (e.g. 2025-26 = 4.8% paid April 2026)"
triple_lock_uprating,fiscal_year_lted,2033-34,0.039782,,,,,,,,,,"OBR Long-term economic determinants, March 2026 EFO (dated 28 May 2026)",https://obr.uk/docs/dlm_uploads/Long-term-economic-determinants-March-2026-EFO.xlsx,"Long-term projection beyond EFO horizon (not a forecast); OBR 'Triple Lock' row: uprating determined by this fiscal year's inputs (Sept CPI / May-Jul AWE), paid from the following April (e.g. 2025-26 = 4.8% paid April 2026)"
triple_lock_uprating,fiscal_year_lted,2034-35,0.040195,,,,,,,,,,"OBR Long-term economic determinants, March 2026 EFO (dated 28 May 2026)",https://obr.uk/docs/dlm_uploads/Long-term-economic-determinants-March-2026-EFO.xlsx,"Long-term projection beyond EFO horizon (not a forecast); OBR 'Triple Lock' row: uprating determined by this fiscal year's inputs (Sept CPI / May-Jul AWE), paid from the following April (e.g. 2025-26 = 4.8% paid April 2026)"
triple_lock_uprating,fiscal_year_lted,2035-36,0.040609,,,,,,,,,,"OBR Long-term economic determinants, March 2026 EFO (dated 28 May 2026)",https://obr.uk/docs/dlm_uploads/Long-term-economic-determinants-March-2026-EFO.xlsx,"Long-term projection beyond EFO horizon (not a forecast); OBR 'Triple Lock' row: uprating determined by this fiscal year's inputs (Sept CPI / May-Jul AWE), paid from the following April (e.g. 2025-26 = 4.8% paid April 2026)"
triple_lock_uprating,fiscal_year_lted,2036-37,0.041022,,,,,,,,,,"OBR Long-term economic determinants, March 2026 EFO (dated 28 May 2026)",https://obr.uk/docs/dlm_uploads/Long-term-economic-determinants-March-2026-EFO.xlsx,"Long-term projection beyond EFO horizon (not a forecast); OBR 'Triple Lock' row: uprating determined by this fiscal year's inputs (Sept CPI / May-Jul AWE), paid from the following April (e.g. 2025-26 = 4.8% paid April 2026)"
