year,cpi_obr_outturn,cpi_ons_d7g7_calendar,cpi_ons_d7g7_september,earnings_obr_outturn,earnings_obr_def_rebuilt_latest_ons,awe_kab9_calendar_growth,awe_kac3_may_jul,gap_kac3_minus_obr_earnings
2010,0.032982,0.033,0.031,0.01,0.010072,0.023421,0.012,0.002
2011,0.044637,0.045,0.052,0.019226,0.019224,0.023823,0.028,0.008774
2012,0.028282,0.028,0.022,0.006436,0.006427,0.012642,0.015,0.008564
2013,0.025648,0.026,0.027,0.03223,0.032293,0.011037,0.012,-0.02023
2014,0.01461,0.015,0.012,0.021257,0.021173,0.010737,0.005,-0.016257
2015,0.000401,0.0,-0.001,0.013,0.013048,0.024079,0.028,0.015
2016,0.006597,0.007,0.01,0.025241,0.025235,0.023859,0.025,-0.000241
2017,0.026831,0.027,0.03,0.028647,0.028658,0.023472,0.022,-0.006647
2018,0.024781,0.025,0.024,0.025911,0.025907,0.029203,0.027,0.001089
2019,0.01791,0.018,0.017,0.029672,0.029666,0.034466,0.04,0.010328
2020,0.008507,0.009,0.005,-0.003395,-0.003417,0.017666,-0.009,-0.005605
2021,0.025882,0.026,0.031,0.050097,0.050171,0.059997,0.084,0.033903
2022,0.090667,0.091,0.101,0.061409,0.061349,0.061629,0.055,-0.006409
2023,0.073033,0.073,0.067,0.062212,0.062182,0.07023,0.085,0.022788
2024,0.025302,0.025,0.017,0.05094,0.050113,0.05323,0.044,-0.00694
2025,0.03373,0.034,0.038,,0.041237,0.048139,0.049,
2026,,,,,,,0.039,
