sample,variable,horizon_years,n,target_years,mean_error,sd_error,rmse,mean_abs_error,corr_cpi_earnings_error,n_pairs
spring_vintages,cpi,1,15,2011-2025,0.00972,0.02204,0.02341,0.01571,0.77,15
spring_vintages,earnings,1,15,2011-2025,0.00365,0.02016,0.01982,0.01539,0.77,15
spring_vintages,cpi,2,14,2012-2025,0.01078,0.02542,0.02676,0.01813,0.803,14
spring_vintages,earnings,2,14,2012-2025,0.00087,0.02207,0.02129,0.01857,0.803,14
spring_vintages,cpi,3,13,2013-2025,0.00888,0.0256,0.02615,0.01701,0.783,13
spring_vintages,earnings,3,13,2013-2025,-0.00157,0.02316,0.02231,0.01975,0.783,13
spring_vintages,cpi,4,12,2014-2025,0.009,0.02677,0.02716,0.01767,0.837,12
spring_vintages,earnings,4,12,2014-2025,-0.00416,0.02387,0.02323,0.02112,0.837,12
spring_vintages,cpi,5,1,2015-2015,-0.0196,,0.0196,0.0196,,1
spring_vintages,earnings,5,1,2015-2015,-0.031,,0.031,0.031,,1
all_vintages,cpi,1,30,2011-2025,0.00661,0.01889,0.01971,0.01239,0.672,30
all_vintages,earnings,1,30,2011-2025,0.00394,0.01659,0.01678,0.01299,0.672,30
all_vintages,cpi,2,28,2012-2025,0.01041,0.02473,0.02642,0.01769,0.81,28
all_vintages,earnings,2,28,2012-2025,0.00158,0.02155,0.02122,0.01775,0.81,28
all_vintages,cpi,3,26,2013-2025,0.00746,0.02298,0.02374,0.01561,0.777,26
all_vintages,earnings,3,26,2013-2025,-0.00136,0.02212,0.02173,0.01914,0.777,26
all_vintages,cpi,4,24,2014-2025,0.00676,0.02441,0.02483,0.01552,0.798,24
all_vintages,earnings,4,24,2014-2025,-0.00482,0.02241,0.02246,0.02024,0.798,24
all_vintages,cpi,5,12,2015-2025,0.00641,0.02827,0.02781,0.01936,0.875,12
all_vintages,earnings,5,12,2015-2025,-0.01031,0.02603,0.02697,0.02357,0.875,12
spring_vintages_excl_targets_2020_2023,cpi,1,11,2011-2025,0.00388,0.01239,0.01244,0.01021,0.673,11
spring_vintages_excl_targets_2020_2023,earnings,1,11,2011-2025,0.00049,0.01506,0.01437,0.01048,0.673,11
spring_vintages_excl_targets_2020_2023,cpi,2,10,2012-2025,0.00316,0.01463,0.01423,0.01125,0.714,10
spring_vintages_excl_targets_2020_2023,earnings,2,10,2012-2025,-0.0046,0.01691,0.01669,0.01446,0.714,10
spring_vintages_excl_targets_2020_2023,cpi,3,9,2013-2025,-0.00025,0.01103,0.0104,0.00897,0.737,9
spring_vintages_excl_targets_2020_2023,earnings,3,9,2013-2025,-0.00733,0.01669,0.01736,0.01512,0.737,9
spring_vintages_excl_targets_2020_2023,cpi,4,8,2014-2025,-0.00126,0.01114,0.01049,0.00886,0.765,8
spring_vintages_excl_targets_2020_2023,earnings,4,8,2014-2025,-0.01068,0.01669,0.01891,0.01739,0.765,8
spring_vintages_excl_targets_2020_2023,cpi,5,1,2015-2015,-0.0196,,0.0196,0.0196,,1
spring_vintages_excl_targets_2020_2023,earnings,5,1,2015-2015,-0.031,,0.031,0.031,,1
