year_forecast_made,forecast_vintage,target_year,horizon_years,variable,forecast,outturn,error,source_url
2010,June 2010 Budget forecast,2011,1,cpi,0.025,0.044637,0.019637,https://obr.uk/docs/dlm_uploads/Historical_official_forecasts_database_Spring_2026.xlsx
2010,June 2010 Budget forecast,2012,2,cpi,0.019,0.028282,0.009282,https://obr.uk/docs/dlm_uploads/Historical_official_forecasts_database_Spring_2026.xlsx
2010,June 2010 Budget forecast,2013,3,cpi,0.02,0.025648,0.005648,https://obr.uk/docs/dlm_uploads/Historical_official_forecasts_database_Spring_2026.xlsx
2010,June 2010 Budget forecast,2014,4,cpi,0.02,0.01461,-0.00539,https://obr.uk/docs/dlm_uploads/Historical_official_forecasts_database_Spring_2026.xlsx
2010,June 2010 Budget forecast,2015,5,cpi,0.02,0.000401,-0.019599,https://obr.uk/docs/dlm_uploads/Historical_official_forecasts_database_Spring_2026.xlsx
2010,November 2010 EFO,2011,1,cpi,0.03,0.044637,0.014637,https://obr.uk/docs/dlm_uploads/Historical_official_forecasts_database_Spring_2026.xlsx
2010,November 2010 EFO,2012,2,cpi,0.019,0.028282,0.009282,https://obr.uk/docs/dlm_uploads/Historical_official_forecasts_database_Spring_2026.xlsx
2010,November 2010 EFO,2013,3,cpi,0.02,0.025648,0.005648,https://obr.uk/docs/dlm_uploads/Historical_official_forecasts_database_Spring_2026.xlsx
2010,November 2010 EFO,2014,4,cpi,0.02,0.01461,-0.00539,https://obr.uk/docs/dlm_uploads/Historical_official_forecasts_database_Spring_2026.xlsx
2010,November 2010 EFO,2015,5,cpi,0.02,0.000401,-0.019599,https://obr.uk/docs/dlm_uploads/Historical_official_forecasts_database_Spring_2026.xlsx
2011,March 2011 EFO,2012,1,cpi,0.025,0.028282,0.003282,https://obr.uk/docs/dlm_uploads/Historical_official_forecasts_database_Spring_2026.xlsx
2011,March 2011 EFO,2013,2,cpi,0.02,0.025648,0.005648,https://obr.uk/docs/dlm_uploads/Historical_official_forecasts_database_Spring_2026.xlsx
2011,March 2011 EFO,2014,3,cpi,0.02,0.01461,-0.00539,https://obr.uk/docs/dlm_uploads/Historical_official_forecasts_database_Spring_2026.xlsx
2011,March 2011 EFO,2015,4,cpi,0.02,0.000401,-0.019599,https://obr.uk/docs/dlm_uploads/Historical_official_forecasts_database_Spring_2026.xlsx
2011,November 2011 EFO,2012,1,cpi,0.027,0.028282,0.001282,https://obr.uk/docs/dlm_uploads/Historical_official_forecasts_database_Spring_2026.xlsx
2011,November 2011 EFO,2013,2,cpi,0.021,0.025648,0.004648,https://obr.uk/docs/dlm_uploads/Historical_official_forecasts_database_Spring_2026.xlsx
2011,November 2011 EFO,2014,3,cpi,0.02,0.01461,-0.00539,https://obr.uk/docs/dlm_uploads/Historical_official_forecasts_database_Spring_2026.xlsx
2011,November 2011 EFO,2015,4,cpi,0.02,0.000401,-0.019599,https://obr.uk/docs/dlm_uploads/Historical_official_forecasts_database_Spring_2026.xlsx
2011,November 2011 EFO,2016,5,cpi,0.02,0.006597,-0.013403,https://obr.uk/docs/dlm_uploads/Historical_official_forecasts_database_Spring_2026.xlsx
2012,December 2012 EFO,2013,1,cpi,0.025,0.025648,0.000648,https://obr.uk/docs/dlm_uploads/Historical_official_forecasts_database_Spring_2026.xlsx
2012,December 2012 EFO,2014,2,cpi,0.022,0.01461,-0.00739,https://obr.uk/docs/dlm_uploads/Historical_official_forecasts_database_Spring_2026.xlsx
2012,December 2012 EFO,2015,3,cpi,0.02,0.000401,-0.019599,https://obr.uk/docs/dlm_uploads/Historical_official_forecasts_database_Spring_2026.xlsx
2012,December 2012 EFO,2016,4,cpi,0.02,0.006597,-0.013403,https://obr.uk/docs/dlm_uploads/Historical_official_forecasts_database_Spring_2026.xlsx
2012,December 2012 EFO,2017,5,cpi,0.02,0.026831,0.006831,https://obr.uk/docs/dlm_uploads/Historical_official_forecasts_database_Spring_2026.xlsx
2012,March 2012 EFO,2013,1,cpi,0.019,0.025648,0.006648,https://obr.uk/docs/dlm_uploads/Historical_official_forecasts_database_Spring_2026.xlsx
2012,March 2012 EFO,2014,2,cpi,0.019,0.01461,-0.00439,https://obr.uk/docs/dlm_uploads/Historical_official_forecasts_database_Spring_2026.xlsx
2012,March 2012 EFO,2015,3,cpi,0.02,0.000401,-0.019599,https://obr.uk/docs/dlm_uploads/Historical_official_forecasts_database_Spring_2026.xlsx
2012,March 2012 EFO,2016,4,cpi,0.02,0.006597,-0.013403,https://obr.uk/docs/dlm_uploads/Historical_official_forecasts_database_Spring_2026.xlsx
2013,December 2013 EFO,2014,1,cpi,0.023,0.01461,-0.00839,https://obr.uk/docs/dlm_uploads/Historical_official_forecasts_database_Spring_2026.xlsx
2013,December 2013 EFO,2015,2,cpi,0.021,0.000401,-0.020599,https://obr.uk/docs/dlm_uploads/Historical_official_forecasts_database_Spring_2026.xlsx
2013,December 2013 EFO,2016,3,cpi,0.02,0.006597,-0.013403,https://obr.uk/docs/dlm_uploads/Historical_official_forecasts_database_Spring_2026.xlsx
2013,December 2013 EFO,2017,4,cpi,0.02,0.026831,0.006831,https://obr.uk/docs/dlm_uploads/Historical_official_forecasts_database_Spring_2026.xlsx
2013,December 2013 EFO,2018,5,cpi,0.02,0.024781,0.004781,https://obr.uk/docs/dlm_uploads/Historical_official_forecasts_database_Spring_2026.xlsx
2013,March 2013 EFO,2014,1,cpi,0.024,0.01461,-0.00939,https://obr.uk/docs/dlm_uploads/Historical_official_forecasts_database_Spring_2026.xlsx
2013,March 2013 EFO,2015,2,cpi,0.021,0.000401,-0.020599,https://obr.uk/docs/dlm_uploads/Historical_official_forecasts_database_Spring_2026.xlsx
2013,March 2013 EFO,2016,3,cpi,0.02,0.006597,-0.013403,https://obr.uk/docs/dlm_uploads/Historical_official_forecasts_database_Spring_2026.xlsx
2013,March 2013 EFO,2017,4,cpi,0.02,0.026831,0.006831,https://obr.uk/docs/dlm_uploads/Historical_official_forecasts_database_Spring_2026.xlsx
2014,December 2014 EFO,2015,1,cpi,0.012,0.000401,-0.011599,https://obr.uk/docs/dlm_uploads/Historical_official_forecasts_database_Spring_2026.xlsx
2014,December 2014 EFO,2016,2,cpi,0.017,0.006597,-0.010403,https://obr.uk/docs/dlm_uploads/Historical_official_forecasts_database_Spring_2026.xlsx
2014,December 2014 EFO,2017,3,cpi,0.02,0.026831,0.006831,https://obr.uk/docs/dlm_uploads/Historical_official_forecasts_database_Spring_2026.xlsx
2014,December 2014 EFO,2018,4,cpi,0.02,0.024781,0.004781,https://obr.uk/docs/dlm_uploads/Historical_official_forecasts_database_Spring_2026.xlsx
2014,December 2014 EFO,2019,5,cpi,0.02,0.01791,-0.00209,https://obr.uk/docs/dlm_uploads/Historical_official_forecasts_database_Spring_2026.xlsx
2014,March 2014 EFO,2015,1,cpi,0.02,0.000401,-0.019599,https://obr.uk/docs/dlm_uploads/Historical_official_forecasts_database_Spring_2026.xlsx
2014,March 2014 EFO,2016,2,cpi,0.02,0.006597,-0.013403,https://obr.uk/docs/dlm_uploads/Historical_official_forecasts_database_Spring_2026.xlsx
2014,March 2014 EFO,2017,3,cpi,0.02,0.026831,0.006831,https://obr.uk/docs/dlm_uploads/Historical_official_forecasts_database_Spring_2026.xlsx
2014,March 2014 EFO,2018,4,cpi,0.02,0.024781,0.004781,https://obr.uk/docs/dlm_uploads/Historical_official_forecasts_database_Spring_2026.xlsx
2015,July 2015 EFO,2016,1,cpi,0.011,0.006597,-0.004403,https://obr.uk/docs/dlm_uploads/Historical_official_forecasts_database_Spring_2026.xlsx
2015,July 2015 EFO,2017,2,cpi,0.016,0.026831,0.010831,https://obr.uk/docs/dlm_uploads/Historical_official_forecasts_database_Spring_2026.xlsx
2015,July 2015 EFO,2018,3,cpi,0.018,0.024781,0.006781,https://obr.uk/docs/dlm_uploads/Historical_official_forecasts_database_Spring_2026.xlsx
2015,July 2015 EFO,2019,4,cpi,0.019,0.01791,-0.00109,https://obr.uk/docs/dlm_uploads/Historical_official_forecasts_database_Spring_2026.xlsx
2015,July 2015 EFO,2020,5,cpi,0.02,0.008507,-0.011493,https://obr.uk/docs/dlm_uploads/Historical_official_forecasts_database_Spring_2026.xlsx
2015,March 2015 EFO,2016,1,cpi,0.012,0.006597,-0.005403,https://obr.uk/docs/dlm_uploads/Historical_official_forecasts_database_Spring_2026.xlsx
2015,March 2015 EFO,2017,2,cpi,0.017,0.026831,0.009831,https://obr.uk/docs/dlm_uploads/Historical_official_forecasts_database_Spring_2026.xlsx
2015,March 2015 EFO,2018,3,cpi,0.019,0.024781,0.005781,https://obr.uk/docs/dlm_uploads/Historical_official_forecasts_database_Spring_2026.xlsx
2015,March 2015 EFO,2019,4,cpi,0.02,0.01791,-0.00209,https://obr.uk/docs/dlm_uploads/Historical_official_forecasts_database_Spring_2026.xlsx
2015,November 2015 EFO,2016,1,cpi,0.01,0.006597,-0.003403,https://obr.uk/docs/dlm_uploads/Historical_official_forecasts_database_Spring_2026.xlsx
2015,November 2015 EFO,2017,2,cpi,0.018,0.026831,0.008831,https://obr.uk/docs/dlm_uploads/Historical_official_forecasts_database_Spring_2026.xlsx
2015,November 2015 EFO,2018,3,cpi,0.019,0.024781,0.005781,https://obr.uk/docs/dlm_uploads/Historical_official_forecasts_database_Spring_2026.xlsx
2015,November 2015 EFO,2019,4,cpi,0.02,0.01791,-0.00209,https://obr.uk/docs/dlm_uploads/Historical_official_forecasts_database_Spring_2026.xlsx
2015,November 2015 EFO,2020,5,cpi,0.02,0.008507,-0.011493,https://obr.uk/docs/dlm_uploads/Historical_official_forecasts_database_Spring_2026.xlsx
2016,March 2016 EFO,2017,1,cpi,0.016,0.026831,0.010831,https://obr.uk/docs/dlm_uploads/Historical_official_forecasts_database_Spring_2026.xlsx
2016,March 2016 EFO,2018,2,cpi,0.02,0.024781,0.004781,https://obr.uk/docs/dlm_uploads/Historical_official_forecasts_database_Spring_2026.xlsx
2016,March 2016 EFO,2019,3,cpi,0.021,0.01791,-0.00309,https://obr.uk/docs/dlm_uploads/Historical_official_forecasts_database_Spring_2026.xlsx
2016,March 2016 EFO,2020,4,cpi,0.02,0.008507,-0.011493,https://obr.uk/docs/dlm_uploads/Historical_official_forecasts_database_Spring_2026.xlsx
2016,November 2016 EFO,2017,1,cpi,0.023342,0.026831,0.003489,https://obr.uk/docs/dlm_uploads/Historical_official_forecasts_database_Spring_2026.xlsx
2016,November 2016 EFO,2018,2,cpi,0.024905,0.024781,-0.000124,https://obr.uk/docs/dlm_uploads/Historical_official_forecasts_database_Spring_2026.xlsx
2016,November 2016 EFO,2019,3,cpi,0.021323,0.01791,-0.003413,https://obr.uk/docs/dlm_uploads/Historical_official_forecasts_database_Spring_2026.xlsx
2016,November 2016 EFO,2020,4,cpi,0.02005,0.008507,-0.011543,https://obr.uk/docs/dlm_uploads/Historical_official_forecasts_database_Spring_2026.xlsx
2016,November 2016 EFO,2021,5,cpi,0.019999,0.025882,0.005883,https://obr.uk/docs/dlm_uploads/Historical_official_forecasts_database_Spring_2026.xlsx
2017,March 2017 EFO,2018,1,cpi,0.023373,0.024781,0.001408,https://obr.uk/docs/dlm_uploads/Historical_official_forecasts_database_Spring_2026.xlsx
2017,March 2017 EFO,2019,2,cpi,0.019995,0.01791,-0.002085,https://obr.uk/docs/dlm_uploads/Historical_official_forecasts_database_Spring_2026.xlsx
2017,March 2017 EFO,2020,3,cpi,0.019931,0.008507,-0.011424,https://obr.uk/docs/dlm_uploads/Historical_official_forecasts_database_Spring_2026.xlsx
2017,March 2017 EFO,2021,4,cpi,0.02,0.025882,0.005882,https://obr.uk/docs/dlm_uploads/Historical_official_forecasts_database_Spring_2026.xlsx
2017,November 2017 EFO,2018,1,cpi,0.023579,0.024781,0.001201,https://obr.uk/docs/dlm_uploads/Historical_official_forecasts_database_Spring_2026.xlsx
2017,November 2017 EFO,2019,2,cpi,0.018543,0.01791,-0.000633,https://obr.uk/docs/dlm_uploads/Historical_official_forecasts_database_Spring_2026.xlsx
2017,November 2017 EFO,2020,3,cpi,0.019781,0.008507,-0.011274,https://obr.uk/docs/dlm_uploads/Historical_official_forecasts_database_Spring_2026.xlsx
2017,November 2017 EFO,2021,4,cpi,0.019982,0.025882,0.0059,https://obr.uk/docs/dlm_uploads/Historical_official_forecasts_database_Spring_2026.xlsx
2017,November 2017 EFO,2022,5,cpi,0.019982,0.090667,0.070685,https://obr.uk/docs/dlm_uploads/Historical_official_forecasts_database_Spring_2026.xlsx
2018,March 2018 EFO,2019,1,cpi,0.01831,0.01791,-0.0004,https://obr.uk/docs/dlm_uploads/Historical_official_forecasts_database_Spring_2026.xlsx
2018,March 2018 EFO,2020,2,cpi,0.019467,0.008507,-0.01096,https://obr.uk/docs/dlm_uploads/Historical_official_forecasts_database_Spring_2026.xlsx
2018,March 2018 EFO,2021,3,cpi,0.019992,0.025882,0.00589,https://obr.uk/docs/dlm_uploads/Historical_official_forecasts_database_Spring_2026.xlsx
2018,March 2018 EFO,2022,4,cpi,0.019996,0.090667,0.070672,https://obr.uk/docs/dlm_uploads/Historical_official_forecasts_database_Spring_2026.xlsx
2018,October 2018 EFO,2019,1,cpi,0.020495,0.01791,-0.002585,https://obr.uk/docs/dlm_uploads/Historical_official_forecasts_database_Spring_2026.xlsx
2018,October 2018 EFO,2020,2,cpi,0.019713,0.008507,-0.011206,https://obr.uk/docs/dlm_uploads/Historical_official_forecasts_database_Spring_2026.xlsx
2018,October 2018 EFO,2021,3,cpi,0.021224,0.025882,0.004658,https://obr.uk/docs/dlm_uploads/Historical_official_forecasts_database_Spring_2026.xlsx
2018,October 2018 EFO,2022,4,cpi,0.020817,0.090667,0.069851,https://obr.uk/docs/dlm_uploads/Historical_official_forecasts_database_Spring_2026.xlsx
2018,October 2018 EFO,2023,5,cpi,0.020351,0.073033,0.052682,https://obr.uk/docs/dlm_uploads/Historical_official_forecasts_database_Spring_2026.xlsx
2019,March 2019 EFO,2020,1,cpi,0.018635,0.008507,-0.010129,https://obr.uk/docs/dlm_uploads/Historical_official_forecasts_database_Spring_2026.xlsx
2019,March 2019 EFO,2021,2,cpi,0.019848,0.025882,0.006034,https://obr.uk/docs/dlm_uploads/Historical_official_forecasts_database_Spring_2026.xlsx
2019,March 2019 EFO,2022,3,cpi,0.019996,0.090667,0.070672,https://obr.uk/docs/dlm_uploads/Historical_official_forecasts_database_Spring_2026.xlsx
2019,March 2019 EFO,2023,4,cpi,0.02,0.073033,0.053033,https://obr.uk/docs/dlm_uploads/Historical_official_forecasts_database_Spring_2026.xlsx
2020,March 2020 EFO,2021,1,cpi,0.018028,0.025882,0.007854,https://obr.uk/docs/dlm_uploads/Historical_official_forecasts_database_Spring_2026.xlsx
2020,March 2020 EFO,2022,2,cpi,0.02055,0.090667,0.070117,https://obr.uk/docs/dlm_uploads/Historical_official_forecasts_database_Spring_2026.xlsx
2020,March 2020 EFO,2023,3,cpi,0.020514,0.073033,0.052519,https://obr.uk/docs/dlm_uploads/Historical_official_forecasts_database_Spring_2026.xlsx
2020,March 2020 EFO,2024,4,cpi,0.020225,0.025302,0.005077,https://obr.uk/docs/dlm_uploads/Historical_official_forecasts_database_Spring_2026.xlsx
2020,November 2020 EFO,2021,1,cpi,0.011678,0.025882,0.014204,https://obr.uk/docs/dlm_uploads/Historical_official_forecasts_database_Spring_2026.xlsx
2020,November 2020 EFO,2022,2,cpi,0.0155,0.090667,0.075167,https://obr.uk/docs/dlm_uploads/Historical_official_forecasts_database_Spring_2026.xlsx
2020,November 2020 EFO,2023,3,cpi,0.017277,0.073033,0.055756,https://obr.uk/docs/dlm_uploads/Historical_official_forecasts_database_Spring_2026.xlsx
2020,November 2020 EFO,2024,4,cpi,0.019091,0.025302,0.006211,https://obr.uk/docs/dlm_uploads/Historical_official_forecasts_database_Spring_2026.xlsx
2020,November 2020 EFO,2025,5,cpi,0.019976,0.03373,0.013754,https://obr.uk/docs/dlm_uploads/Historical_official_forecasts_database_Spring_2026.xlsx
2021,March 2021 EFO,2022,1,cpi,0.017927,0.090667,0.072741,https://obr.uk/docs/dlm_uploads/Historical_official_forecasts_database_Spring_2026.xlsx
2021,March 2021 EFO,2023,2,cpi,0.018903,0.073033,0.05413,https://obr.uk/docs/dlm_uploads/Historical_official_forecasts_database_Spring_2026.xlsx
2021,March 2021 EFO,2024,3,cpi,0.019285,0.025302,0.006017,https://obr.uk/docs/dlm_uploads/Historical_official_forecasts_database_Spring_2026.xlsx
2021,March 2021 EFO,2025,4,cpi,0.02,0.03373,0.01373,https://obr.uk/docs/dlm_uploads/Historical_official_forecasts_database_Spring_2026.xlsx
2021,October 2021 EFO,2022,1,cpi,0.039852,0.090667,0.050816,https://obr.uk/docs/dlm_uploads/Historical_official_forecasts_database_Spring_2026.xlsx
2021,October 2021 EFO,2023,2,cpi,0.025744,0.073033,0.047289,https://obr.uk/docs/dlm_uploads/Historical_official_forecasts_database_Spring_2026.xlsx
2021,October 2021 EFO,2024,3,cpi,0.020612,0.025302,0.00469,https://obr.uk/docs/dlm_uploads/Historical_official_forecasts_database_Spring_2026.xlsx
2021,October 2021 EFO,2025,4,cpi,0.02,0.03373,0.01373,https://obr.uk/docs/dlm_uploads/Historical_official_forecasts_database_Spring_2026.xlsx
2022,March 2022 EFO,2023,1,cpi,0.04042,0.073033,0.032613,https://obr.uk/docs/dlm_uploads/Historical_official_forecasts_database_Spring_2026.xlsx
2022,March 2022 EFO,2024,2,cpi,0.015351,0.025302,0.009951,https://obr.uk/docs/dlm_uploads/Historical_official_forecasts_database_Spring_2026.xlsx
2022,March 2022 EFO,2025,3,cpi,0.0188,0.03373,0.014931,https://obr.uk/docs/dlm_uploads/Historical_official_forecasts_database_Spring_2026.xlsx
2022,November 2022 EFO,2023,1,cpi,0.073558,0.073033,-0.000526,https://obr.uk/docs/dlm_uploads/Historical_official_forecasts_database_Spring_2026.xlsx
2022,November 2022 EFO,2024,2,cpi,0.006276,0.025302,0.019026,https://obr.uk/docs/dlm_uploads/Historical_official_forecasts_database_Spring_2026.xlsx
2022,November 2022 EFO,2025,3,cpi,-0.007752,0.03373,0.041482,https://obr.uk/docs/dlm_uploads/Historical_official_forecasts_database_Spring_2026.xlsx
2023,March 2023 EFO,2024,1,cpi,0.008567,0.025302,0.016734,https://obr.uk/docs/dlm_uploads/Historical_official_forecasts_database_Spring_2026.xlsx
2023,March 2023 EFO,2025,2,cpi,0.001156,0.03373,0.032575,https://obr.uk/docs/dlm_uploads/Historical_official_forecasts_database_Spring_2026.xlsx
2023,November 2023 EFO,2024,1,cpi,0.036114,0.025302,-0.010812,https://obr.uk/docs/dlm_uploads/Historical_official_forecasts_database_Spring_2026.xlsx
2023,November 2023 EFO,2025,2,cpi,0.017761,0.03373,0.015969,https://obr.uk/docs/dlm_uploads/Historical_official_forecasts_database_Spring_2026.xlsx
2024,March 2024 EFO,2025,1,cpi,0.014754,0.03373,0.018976,https://obr.uk/docs/dlm_uploads/Historical_official_forecasts_database_Spring_2026.xlsx
2024,October 2024 EFO,2025,1,cpi,0.025757,0.03373,0.007973,https://obr.uk/docs/dlm_uploads/Historical_official_forecasts_database_Spring_2026.xlsx
2010,June 2010 Budget forecast,2011,1,earnings,0.019,0.019226,0.000226,https://obr.uk/docs/dlm_uploads/Historical_official_forecasts_database_Spring_2026.xlsx
2010,June 2010 Budget forecast,2012,2,earnings,0.023,0.006436,-0.016564,https://obr.uk/docs/dlm_uploads/Historical_official_forecasts_database_Spring_2026.xlsx
2010,June 2010 Budget forecast,2013,3,earnings,0.038,0.03223,-0.00577,https://obr.uk/docs/dlm_uploads/Historical_official_forecasts_database_Spring_2026.xlsx
2010,June 2010 Budget forecast,2014,4,earnings,0.044,0.021257,-0.022743,https://obr.uk/docs/dlm_uploads/Historical_official_forecasts_database_Spring_2026.xlsx
2010,June 2010 Budget forecast,2015,5,earnings,0.044,0.013,-0.031,https://obr.uk/docs/dlm_uploads/Historical_official_forecasts_database_Spring_2026.xlsx
2010,November 2010 EFO,2011,1,earnings,0.022,0.019226,-0.002774,https://obr.uk/docs/dlm_uploads/Historical_official_forecasts_database_Spring_2026.xlsx
2010,November 2010 EFO,2012,2,earnings,0.024,0.006436,-0.017564,https://obr.uk/docs/dlm_uploads/Historical_official_forecasts_database_Spring_2026.xlsx
2010,November 2010 EFO,2013,3,earnings,0.038,0.03223,-0.00577,https://obr.uk/docs/dlm_uploads/Historical_official_forecasts_database_Spring_2026.xlsx
2010,November 2010 EFO,2014,4,earnings,0.044,0.021257,-0.022743,https://obr.uk/docs/dlm_uploads/Historical_official_forecasts_database_Spring_2026.xlsx
2010,November 2010 EFO,2015,5,earnings,0.044,0.013,-0.031,https://obr.uk/docs/dlm_uploads/Historical_official_forecasts_database_Spring_2026.xlsx
2011,March 2011 EFO,2012,1,earnings,0.022,0.006436,-0.015564,https://obr.uk/docs/dlm_uploads/Historical_official_forecasts_database_Spring_2026.xlsx
2011,March 2011 EFO,2013,2,earnings,0.038,0.03223,-0.00577,https://obr.uk/docs/dlm_uploads/Historical_official_forecasts_database_Spring_2026.xlsx
2011,March 2011 EFO,2014,3,earnings,0.043,0.021257,-0.021743,https://obr.uk/docs/dlm_uploads/Historical_official_forecasts_database_Spring_2026.xlsx
2011,March 2011 EFO,2015,4,earnings,0.045,0.013,-0.032,https://obr.uk/docs/dlm_uploads/Historical_official_forecasts_database_Spring_2026.xlsx
2011,November 2011 EFO,2012,1,earnings,0.02,0.006436,-0.013564,https://obr.uk/docs/dlm_uploads/Historical_official_forecasts_database_Spring_2026.xlsx
2011,November 2011 EFO,2013,2,earnings,0.031,0.03223,0.00123,https://obr.uk/docs/dlm_uploads/Historical_official_forecasts_database_Spring_2026.xlsx
2011,November 2011 EFO,2014,3,earnings,0.043,0.021257,-0.021743,https://obr.uk/docs/dlm_uploads/Historical_official_forecasts_database_Spring_2026.xlsx
2011,November 2011 EFO,2015,4,earnings,0.045,0.013,-0.032,https://obr.uk/docs/dlm_uploads/Historical_official_forecasts_database_Spring_2026.xlsx
2011,November 2011 EFO,2016,5,earnings,0.045,0.025241,-0.019759,https://obr.uk/docs/dlm_uploads/Historical_official_forecasts_database_Spring_2026.xlsx
2012,December 2012 EFO,2013,1,earnings,0.022,0.03223,0.01023,https://obr.uk/docs/dlm_uploads/Historical_official_forecasts_database_Spring_2026.xlsx
2012,December 2012 EFO,2014,2,earnings,0.028,0.021257,-0.006743,https://obr.uk/docs/dlm_uploads/Historical_official_forecasts_database_Spring_2026.xlsx
2012,December 2012 EFO,2015,3,earnings,0.037,0.013,-0.024,https://obr.uk/docs/dlm_uploads/Historical_official_forecasts_database_Spring_2026.xlsx
2012,December 2012 EFO,2016,4,earnings,0.04,0.025241,-0.014759,https://obr.uk/docs/dlm_uploads/Historical_official_forecasts_database_Spring_2026.xlsx
2012,December 2012 EFO,2017,5,earnings,0.04,0.028647,-0.011353,https://obr.uk/docs/dlm_uploads/Historical_official_forecasts_database_Spring_2026.xlsx
2012,March 2012 EFO,2013,1,earnings,0.031,0.03223,0.00123,https://obr.uk/docs/dlm_uploads/Historical_official_forecasts_database_Spring_2026.xlsx
2012,March 2012 EFO,2014,2,earnings,0.043,0.021257,-0.021743,https://obr.uk/docs/dlm_uploads/Historical_official_forecasts_database_Spring_2026.xlsx
2012,March 2012 EFO,2015,3,earnings,0.045,0.013,-0.032,https://obr.uk/docs/dlm_uploads/Historical_official_forecasts_database_Spring_2026.xlsx
2012,March 2012 EFO,2016,4,earnings,0.045,0.025241,-0.019759,https://obr.uk/docs/dlm_uploads/Historical_official_forecasts_database_Spring_2026.xlsx
2013,December 2013 EFO,2014,1,earnings,0.026,0.021257,-0.004743,https://obr.uk/docs/dlm_uploads/Historical_official_forecasts_database_Spring_2026.xlsx
2013,December 2013 EFO,2015,2,earnings,0.033,0.013,-0.02,https://obr.uk/docs/dlm_uploads/Historical_official_forecasts_database_Spring_2026.xlsx
2013,December 2013 EFO,2016,3,earnings,0.035,0.025241,-0.009759,https://obr.uk/docs/dlm_uploads/Historical_official_forecasts_database_Spring_2026.xlsx
2013,December 2013 EFO,2017,4,earnings,0.037,0.028647,-0.008353,https://obr.uk/docs/dlm_uploads/Historical_official_forecasts_database_Spring_2026.xlsx
2013,December 2013 EFO,2018,5,earnings,0.038,0.025911,-0.012089,https://obr.uk/docs/dlm_uploads/Historical_official_forecasts_database_Spring_2026.xlsx
2013,March 2013 EFO,2014,1,earnings,0.027,0.021257,-0.005743,https://obr.uk/docs/dlm_uploads/Historical_official_forecasts_database_Spring_2026.xlsx
2013,March 2013 EFO,2015,2,earnings,0.036,0.013,-0.023,https://obr.uk/docs/dlm_uploads/Historical_official_forecasts_database_Spring_2026.xlsx
2013,March 2013 EFO,2016,3,earnings,0.04,0.025241,-0.014759,https://obr.uk/docs/dlm_uploads/Historical_official_forecasts_database_Spring_2026.xlsx
2013,March 2013 EFO,2017,4,earnings,0.04,0.028647,-0.011353,https://obr.uk/docs/dlm_uploads/Historical_official_forecasts_database_Spring_2026.xlsx
2014,December 2014 EFO,2015,1,earnings,0.02,0.013,-0.007,https://obr.uk/docs/dlm_uploads/Historical_official_forecasts_database_Spring_2026.xlsx
2014,December 2014 EFO,2016,2,earnings,0.031,0.025241,-0.005759,https://obr.uk/docs/dlm_uploads/Historical_official_forecasts_database_Spring_2026.xlsx
2014,December 2014 EFO,2017,3,earnings,0.039,0.028647,-0.010353,https://obr.uk/docs/dlm_uploads/Historical_official_forecasts_database_Spring_2026.xlsx
2014,December 2014 EFO,2018,4,earnings,0.039,0.025911,-0.013089,https://obr.uk/docs/dlm_uploads/Historical_official_forecasts_database_Spring_2026.xlsx
2014,December 2014 EFO,2019,5,earnings,0.038,0.029672,-0.008328,https://obr.uk/docs/dlm_uploads/Historical_official_forecasts_database_Spring_2026.xlsx
2014,March 2014 EFO,2015,1,earnings,0.032,0.013,-0.019,https://obr.uk/docs/dlm_uploads/Historical_official_forecasts_database_Spring_2026.xlsx
2014,March 2014 EFO,2016,2,earnings,0.036,0.025241,-0.010759,https://obr.uk/docs/dlm_uploads/Historical_official_forecasts_database_Spring_2026.xlsx
2014,March 2014 EFO,2017,3,earnings,0.037,0.028647,-0.008353,https://obr.uk/docs/dlm_uploads/Historical_official_forecasts_database_Spring_2026.xlsx
2014,March 2014 EFO,2018,4,earnings,0.038,0.025911,-0.012089,https://obr.uk/docs/dlm_uploads/Historical_official_forecasts_database_Spring_2026.xlsx
2015,July 2015 EFO,2016,1,earnings,0.036,0.025241,-0.010759,https://obr.uk/docs/dlm_uploads/Historical_official_forecasts_database_Spring_2026.xlsx
2015,July 2015 EFO,2017,2,earnings,0.039,0.028647,-0.010353,https://obr.uk/docs/dlm_uploads/Historical_official_forecasts_database_Spring_2026.xlsx
2015,July 2015 EFO,2018,3,earnings,0.039,0.025911,-0.013089,https://obr.uk/docs/dlm_uploads/Historical_official_forecasts_database_Spring_2026.xlsx
2015,July 2015 EFO,2019,4,earnings,0.041,0.029672,-0.011328,https://obr.uk/docs/dlm_uploads/Historical_official_forecasts_database_Spring_2026.xlsx
2015,July 2015 EFO,2020,5,earnings,0.044,-0.003395,-0.047395,https://obr.uk/docs/dlm_uploads/Historical_official_forecasts_database_Spring_2026.xlsx
2015,March 2015 EFO,2016,1,earnings,0.031,0.025241,-0.005759,https://obr.uk/docs/dlm_uploads/Historical_official_forecasts_database_Spring_2026.xlsx
2015,March 2015 EFO,2017,2,earnings,0.037,0.028647,-0.008353,https://obr.uk/docs/dlm_uploads/Historical_official_forecasts_database_Spring_2026.xlsx
2015,March 2015 EFO,2018,3,earnings,0.04,0.025911,-0.014089,https://obr.uk/docs/dlm_uploads/Historical_official_forecasts_database_Spring_2026.xlsx
2015,March 2015 EFO,2019,4,earnings,0.044,0.029672,-0.014328,https://obr.uk/docs/dlm_uploads/Historical_official_forecasts_database_Spring_2026.xlsx
2015,November 2015 EFO,2016,1,earnings,0.034,0.025241,-0.008759,https://obr.uk/docs/dlm_uploads/Historical_official_forecasts_database_Spring_2026.xlsx
2015,November 2015 EFO,2017,2,earnings,0.037,0.028647,-0.008353,https://obr.uk/docs/dlm_uploads/Historical_official_forecasts_database_Spring_2026.xlsx
2015,November 2015 EFO,2018,3,earnings,0.036,0.025911,-0.010089,https://obr.uk/docs/dlm_uploads/Historical_official_forecasts_database_Spring_2026.xlsx
2015,November 2015 EFO,2019,4,earnings,0.037,0.029672,-0.007328,https://obr.uk/docs/dlm_uploads/Historical_official_forecasts_database_Spring_2026.xlsx
2015,November 2015 EFO,2020,5,earnings,0.039,-0.003395,-0.042395,https://obr.uk/docs/dlm_uploads/Historical_official_forecasts_database_Spring_2026.xlsx
2016,March 2016 EFO,2017,1,earnings,0.036,0.028647,-0.007353,https://obr.uk/docs/dlm_uploads/Historical_official_forecasts_database_Spring_2026.xlsx
2016,March 2016 EFO,2018,2,earnings,0.035,0.025911,-0.009089,https://obr.uk/docs/dlm_uploads/Historical_official_forecasts_database_Spring_2026.xlsx
2016,March 2016 EFO,2019,3,earnings,0.034,0.029672,-0.004328,https://obr.uk/docs/dlm_uploads/Historical_official_forecasts_database_Spring_2026.xlsx
2016,March 2016 EFO,2020,4,earnings,0.036,-0.003395,-0.039395,https://obr.uk/docs/dlm_uploads/Historical_official_forecasts_database_Spring_2026.xlsx
2016,November 2016 EFO,2017,1,earnings,0.024462,0.028647,0.004185,https://obr.uk/docs/dlm_uploads/Historical_official_forecasts_database_Spring_2026.xlsx
2016,November 2016 EFO,2018,2,earnings,0.028466,0.025911,-0.002555,https://obr.uk/docs/dlm_uploads/Historical_official_forecasts_database_Spring_2026.xlsx
2016,November 2016 EFO,2019,3,earnings,0.03329,0.029672,-0.003618,https://obr.uk/docs/dlm_uploads/Historical_official_forecasts_database_Spring_2026.xlsx
2016,November 2016 EFO,2020,4,earnings,0.036045,-0.003395,-0.039441,https://obr.uk/docs/dlm_uploads/Historical_official_forecasts_database_Spring_2026.xlsx
2016,November 2016 EFO,2021,5,earnings,0.037424,0.050097,0.012673,https://obr.uk/docs/dlm_uploads/Historical_official_forecasts_database_Spring_2026.xlsx
2017,March 2017 EFO,2018,1,earnings,0.027457,0.025911,-0.001546,https://obr.uk/docs/dlm_uploads/Historical_official_forecasts_database_Spring_2026.xlsx
2017,March 2017 EFO,2019,2,earnings,0.029508,0.029672,0.000164,https://obr.uk/docs/dlm_uploads/Historical_official_forecasts_database_Spring_2026.xlsx
2017,March 2017 EFO,2020,3,earnings,0.034178,-0.003395,-0.037574,https://obr.uk/docs/dlm_uploads/Historical_official_forecasts_database_Spring_2026.xlsx
2017,March 2017 EFO,2021,4,earnings,0.036258,0.050097,0.013839,https://obr.uk/docs/dlm_uploads/Historical_official_forecasts_database_Spring_2026.xlsx
2017,November 2017 EFO,2018,1,earnings,0.023309,0.025911,0.002602,https://obr.uk/docs/dlm_uploads/Historical_official_forecasts_database_Spring_2026.xlsx
2017,November 2017 EFO,2019,2,earnings,0.023428,0.029672,0.006243,https://obr.uk/docs/dlm_uploads/Historical_official_forecasts_database_Spring_2026.xlsx
2017,November 2017 EFO,2020,3,earnings,0.02604,-0.003395,-0.029435,https://obr.uk/docs/dlm_uploads/Historical_official_forecasts_database_Spring_2026.xlsx
2017,November 2017 EFO,2021,4,earnings,0.03047,0.050097,0.019627,https://obr.uk/docs/dlm_uploads/Historical_official_forecasts_database_Spring_2026.xlsx
2017,November 2017 EFO,2022,5,earnings,0.030863,0.061409,0.030546,https://obr.uk/docs/dlm_uploads/Historical_official_forecasts_database_Spring_2026.xlsx
2018,March 2018 EFO,2019,1,earnings,0.024332,0.029672,0.00534,https://obr.uk/docs/dlm_uploads/Historical_official_forecasts_database_Spring_2026.xlsx
2018,March 2018 EFO,2020,2,earnings,0.025202,-0.003395,-0.028598,https://obr.uk/docs/dlm_uploads/Historical_official_forecasts_database_Spring_2026.xlsx
2018,March 2018 EFO,2021,3,earnings,0.027611,0.050097,0.022486,https://obr.uk/docs/dlm_uploads/Historical_official_forecasts_database_Spring_2026.xlsx
2018,March 2018 EFO,2022,4,earnings,0.02983,0.061409,0.031578,https://obr.uk/docs/dlm_uploads/Historical_official_forecasts_database_Spring_2026.xlsx
2018,October 2018 EFO,2019,1,earnings,0.025191,0.029672,0.004481,https://obr.uk/docs/dlm_uploads/Historical_official_forecasts_database_Spring_2026.xlsx
2018,October 2018 EFO,2020,2,earnings,0.027774,-0.003395,-0.031169,https://obr.uk/docs/dlm_uploads/Historical_official_forecasts_database_Spring_2026.xlsx
2018,October 2018 EFO,2021,3,earnings,0.029672,0.050097,0.020425,https://obr.uk/docs/dlm_uploads/Historical_official_forecasts_database_Spring_2026.xlsx
2018,October 2018 EFO,2022,4,earnings,0.03143,0.061409,0.029978,https://obr.uk/docs/dlm_uploads/Historical_official_forecasts_database_Spring_2026.xlsx
2018,October 2018 EFO,2023,5,earnings,0.032289,0.062212,0.029923,https://obr.uk/docs/dlm_uploads/Historical_official_forecasts_database_Spring_2026.xlsx
2019,March 2019 EFO,2020,1,earnings,0.029651,-0.003395,-0.033046,https://obr.uk/docs/dlm_uploads/Historical_official_forecasts_database_Spring_2026.xlsx
2019,March 2019 EFO,2021,2,earnings,0.031215,0.050097,0.018882,https://obr.uk/docs/dlm_uploads/Historical_official_forecasts_database_Spring_2026.xlsx
2019,March 2019 EFO,2022,3,earnings,0.031488,0.061409,0.029921,https://obr.uk/docs/dlm_uploads/Historical_official_forecasts_database_Spring_2026.xlsx
2019,March 2019 EFO,2023,4,earnings,0.03265,0.062212,0.029562,https://obr.uk/docs/dlm_uploads/Historical_official_forecasts_database_Spring_2026.xlsx
2020,March 2020 EFO,2021,1,earnings,0.035798,0.050097,0.0143,https://obr.uk/docs/dlm_uploads/Historical_official_forecasts_database_Spring_2026.xlsx
2020,March 2020 EFO,2022,2,earnings,0.03372,0.061409,0.027689,https://obr.uk/docs/dlm_uploads/Historical_official_forecasts_database_Spring_2026.xlsx
2020,March 2020 EFO,2023,3,earnings,0.031485,0.062212,0.030728,https://obr.uk/docs/dlm_uploads/Historical_official_forecasts_database_Spring_2026.xlsx
2020,March 2020 EFO,2024,4,earnings,0.030819,0.05094,0.020122,https://obr.uk/docs/dlm_uploads/Historical_official_forecasts_database_Spring_2026.xlsx
2020,November 2020 EFO,2021,1,earnings,0.02094,0.050097,0.029157,https://obr.uk/docs/dlm_uploads/Historical_official_forecasts_database_Spring_2026.xlsx
2020,November 2020 EFO,2022,2,earnings,0.019935,0.061409,0.041473,https://obr.uk/docs/dlm_uploads/Historical_official_forecasts_database_Spring_2026.xlsx
2020,November 2020 EFO,2023,3,earnings,0.023633,0.062212,0.038579,https://obr.uk/docs/dlm_uploads/Historical_official_forecasts_database_Spring_2026.xlsx
2020,November 2020 EFO,2024,4,earnings,0.029595,0.05094,0.021345,https://obr.uk/docs/dlm_uploads/Historical_official_forecasts_database_Spring_2026.xlsx
2020,November 2020 EFO,2025,5,earnings,0.034819,0.041237,0.006417,https://obr.uk/docs/dlm_uploads/Historical_official_forecasts_database_Spring_2026.xlsx | https://www.ons.gov.uk/generator?format=csv&uri=/economy/grossdomesticproductgdp/timeseries/dtwm/ukea | https://www.ons.gov.uk/generator?format=csv&uri=/economy/grossdomesticproductgdp/timeseries/royk/ukea | https://www.ons.gov.uk/generator?format=csv&uri=/employmentandlabourmarket/peopleinwork/employmentandemployeetypes/timeseries/mgrz/lms | https://www.ons.gov.uk/generator?format=csv&uri=/employmentandlabourmarket/peopleinwork/employmentandemployeetypes/timeseries/mgrq/lms
2021,March 2021 EFO,2022,1,earnings,0.027122,0.061409,0.034287,https://obr.uk/docs/dlm_uploads/Historical_official_forecasts_database_Spring_2026.xlsx
2021,March 2021 EFO,2023,2,earnings,0.021998,0.062212,0.040214,https://obr.uk/docs/dlm_uploads/Historical_official_forecasts_database_Spring_2026.xlsx
2021,March 2021 EFO,2024,3,earnings,0.027797,0.05094,0.023143,https://obr.uk/docs/dlm_uploads/Historical_official_forecasts_database_Spring_2026.xlsx
2021,March 2021 EFO,2025,4,earnings,0.034545,0.041237,0.006692,https://obr.uk/docs/dlm_uploads/Historical_official_forecasts_database_Spring_2026.xlsx | https://www.ons.gov.uk/generator?format=csv&uri=/economy/grossdomesticproductgdp/timeseries/dtwm/ukea | https://www.ons.gov.uk/generator?format=csv&uri=/economy/grossdomesticproductgdp/timeseries/royk/ukea | https://www.ons.gov.uk/generator?format=csv&uri=/employmentandlabourmarket/peopleinwork/employmentandemployeetypes/timeseries/mgrz/lms | https://www.ons.gov.uk/generator?format=csv&uri=/employmentandlabourmarket/peopleinwork/employmentandemployeetypes/timeseries/mgrq/lms
2021,October 2021 EFO,2022,1,earnings,0.039499,0.061409,0.02191,https://obr.uk/docs/dlm_uploads/Historical_official_forecasts_database_Spring_2026.xlsx
2021,October 2021 EFO,2023,2,earnings,0.029989,0.062212,0.032223,https://obr.uk/docs/dlm_uploads/Historical_official_forecasts_database_Spring_2026.xlsx
2021,October 2021 EFO,2024,3,earnings,0.021553,0.05094,0.029387,https://obr.uk/docs/dlm_uploads/Historical_official_forecasts_database_Spring_2026.xlsx
2021,October 2021 EFO,2025,4,earnings,0.028932,0.041237,0.012305,https://obr.uk/docs/dlm_uploads/Historical_official_forecasts_database_Spring_2026.xlsx | https://www.ons.gov.uk/generator?format=csv&uri=/economy/grossdomesticproductgdp/timeseries/dtwm/ukea | https://www.ons.gov.uk/generator?format=csv&uri=/economy/grossdomesticproductgdp/timeseries/royk/ukea | https://www.ons.gov.uk/generator?format=csv&uri=/employmentandlabourmarket/peopleinwork/employmentandemployeetypes/timeseries/mgrz/lms | https://www.ons.gov.uk/generator?format=csv&uri=/employmentandlabourmarket/peopleinwork/employmentandemployeetypes/timeseries/mgrq/lms
2022,March 2022 EFO,2023,1,earnings,0.028359,0.062212,0.033853,https://obr.uk/docs/dlm_uploads/Historical_official_forecasts_database_Spring_2026.xlsx
2022,March 2022 EFO,2024,2,earnings,0.026293,0.05094,0.024647,https://obr.uk/docs/dlm_uploads/Historical_official_forecasts_database_Spring_2026.xlsx
2022,March 2022 EFO,2025,3,earnings,0.029319,0.041237,0.011918,https://obr.uk/docs/dlm_uploads/Historical_official_forecasts_database_Spring_2026.xlsx | https://www.ons.gov.uk/generator?format=csv&uri=/economy/grossdomesticproductgdp/timeseries/dtwm/ukea | https://www.ons.gov.uk/generator?format=csv&uri=/economy/grossdomesticproductgdp/timeseries/royk/ukea | https://www.ons.gov.uk/generator?format=csv&uri=/employmentandlabourmarket/peopleinwork/employmentandemployeetypes/timeseries/mgrz/lms | https://www.ons.gov.uk/generator?format=csv&uri=/employmentandlabourmarket/peopleinwork/employmentandemployeetypes/timeseries/mgrq/lms
2022,November 2022 EFO,2023,1,earnings,0.041848,0.062212,0.020364,https://obr.uk/docs/dlm_uploads/Historical_official_forecasts_database_Spring_2026.xlsx
2022,November 2022 EFO,2024,2,earnings,0.017208,0.05094,0.033732,https://obr.uk/docs/dlm_uploads/Historical_official_forecasts_database_Spring_2026.xlsx
2022,November 2022 EFO,2025,3,earnings,0.016653,0.041237,0.024583,https://obr.uk/docs/dlm_uploads/Historical_official_forecasts_database_Spring_2026.xlsx | https://www.ons.gov.uk/generator?format=csv&uri=/economy/grossdomesticproductgdp/timeseries/dtwm/ukea | https://www.ons.gov.uk/generator?format=csv&uri=/economy/grossdomesticproductgdp/timeseries/royk/ukea | https://www.ons.gov.uk/generator?format=csv&uri=/employmentandlabourmarket/peopleinwork/employmentandemployeetypes/timeseries/mgrz/lms | https://www.ons.gov.uk/generator?format=csv&uri=/employmentandlabourmarket/peopleinwork/employmentandemployeetypes/timeseries/mgrq/lms
2023,March 2023 EFO,2024,1,earnings,0.017741,0.05094,0.0332,https://obr.uk/docs/dlm_uploads/Historical_official_forecasts_database_Spring_2026.xlsx
2023,March 2023 EFO,2025,2,earnings,0.016729,0.041237,0.024508,https://obr.uk/docs/dlm_uploads/Historical_official_forecasts_database_Spring_2026.xlsx | https://www.ons.gov.uk/generator?format=csv&uri=/economy/grossdomesticproductgdp/timeseries/dtwm/ukea | https://www.ons.gov.uk/generator?format=csv&uri=/economy/grossdomesticproductgdp/timeseries/royk/ukea | https://www.ons.gov.uk/generator?format=csv&uri=/employmentandlabourmarket/peopleinwork/employmentandemployeetypes/timeseries/mgrz/lms | https://www.ons.gov.uk/generator?format=csv&uri=/employmentandlabourmarket/peopleinwork/employmentandemployeetypes/timeseries/mgrq/lms
2023,November 2023 EFO,2024,1,earnings,0.037463,0.05094,0.013477,https://obr.uk/docs/dlm_uploads/Historical_official_forecasts_database_Spring_2026.xlsx
2023,November 2023 EFO,2025,2,earnings,0.021739,0.041237,0.019498,https://obr.uk/docs/dlm_uploads/Historical_official_forecasts_database_Spring_2026.xlsx | https://www.ons.gov.uk/generator?format=csv&uri=/economy/grossdomesticproductgdp/timeseries/dtwm/ukea | https://www.ons.gov.uk/generator?format=csv&uri=/economy/grossdomesticproductgdp/timeseries/royk/ukea | https://www.ons.gov.uk/generator?format=csv&uri=/employmentandlabourmarket/peopleinwork/employmentandemployeetypes/timeseries/mgrz/lms | https://www.ons.gov.uk/generator?format=csv&uri=/employmentandlabourmarket/peopleinwork/employmentandemployeetypes/timeseries/mgrq/lms
2024,March 2024 EFO,2025,1,earnings,0.020906,0.041237,0.020331,https://obr.uk/docs/dlm_uploads/Historical_official_forecasts_database_Spring_2026.xlsx | https://www.ons.gov.uk/generator?format=csv&uri=/economy/grossdomesticproductgdp/timeseries/dtwm/ukea | https://www.ons.gov.uk/generator?format=csv&uri=/economy/grossdomesticproductgdp/timeseries/royk/ukea | https://www.ons.gov.uk/generator?format=csv&uri=/employmentandlabourmarket/peopleinwork/employmentandemployeetypes/timeseries/mgrz/lms | https://www.ons.gov.uk/generator?format=csv&uri=/employmentandlabourmarket/peopleinwork/employmentandemployeetypes/timeseries/mgrq/lms
2024,October 2024 EFO,2025,1,earnings,0.036449,0.041237,0.004787,https://obr.uk/docs/dlm_uploads/Historical_official_forecasts_database_Spring_2026.xlsx | https://www.ons.gov.uk/generator?format=csv&uri=/economy/grossdomesticproductgdp/timeseries/dtwm/ukea | https://www.ons.gov.uk/generator?format=csv&uri=/economy/grossdomesticproductgdp/timeseries/royk/ukea | https://www.ons.gov.uk/generator?format=csv&uri=/employmentandlabourmarket/peopleinwork/employmentandemployeetypes/timeseries/mgrz/lms | https://www.ons.gov.uk/generator?format=csv&uri=/employmentandlabourmarket/peopleinwork/employmentandemployeetypes/timeseries/mgrq/lms
