year,sex,age,population
2024,female,0,326016
2024,female,1,336137
2024,female,2,357634
2024,female,3,355532
2024,female,4,369036
2024,female,5,375561
2024,female,6,380479
2024,female,7,389241
2024,female,8,399493
2024,female,9,396884
2024,female,10,398598
2024,female,11,407512
2024,female,12,417219
2024,female,13,416479
2024,female,14,412244
2024,female,15,408631
2024,female,16,412070
2024,female,17,395506
2024,female,18,390348
2024,female,19,396280
2024,female,20,397339
2024,female,21,396423
2024,female,22,402588
2024,female,23,412672
2024,female,24,425587
2024,female,25,443801
2024,female,26,454715
2024,female,27,466141
2024,female,28,459586
2024,female,29,467367
2024,female,30,480570
2024,female,31,483201
2024,female,32,496130
2024,female,33,501896
2024,female,34,501504
2024,female,35,499043
2024,female,36,505701
2024,female,37,494698
2024,female,38,488112
2024,female,39,484737
2024,female,40,469041
2024,female,41,468489
2024,female,42,463251
2024,female,43,466918
2024,female,44,465410
2024,female,45,444375
2024,female,46,412021
2024,female,47,402758
2024,female,48,411124
2024,female,49,418007
2024,female,50,423210
2024,female,51,439253
2024,female,52,456091
2024,female,53,474594
2024,female,54,462083
2024,female,55,472276
2024,female,56,471185
2024,female,57,472083
2024,female,58,471522
2024,female,59,473136
2024,female,60,466453
2024,female,61,454772
2024,female,62,442100
2024,female,63,424072
2024,female,64,406518
2024,female,65,395913
2024,female,66,384023
2024,female,67,367604
2024,female,68,352390
2024,female,69,338644
2024,female,70,337271
2024,female,71,329369
2024,female,72,318542
2024,female,73,317681
2024,female,74,320133
2024,female,75,323712
2024,female,76,337925
2024,female,77,359520
2024,female,78,271672
2024,female,79,258354
2024,female,80,251435
2024,female,81,228827
2024,female,82,199487
2024,female,83,172781
2024,female,84,171950
2024,female,85,162329
2024,female,86,149584
2024,female,87,133110
2024,female,88,117829
2024,female,89,102415
2024,female,90,85064
2024,female,91,72731
2024,female,92,62042
2024,female,93,50896
2024,female,94,40658
2024,female,95,30785
2024,female,96,22691
2024,female,97,16553
2024,female,98,11760
2024,female,99,7964
2024,female,100,5303
2024,female,101,3444
2024,female,102,2181
2024,female,103,1330
2024,female,104,766
2024,female,105,548
2024,male,0,341978
2024,male,1,353976
2024,male,2,374898
2024,male,3,372868
2024,male,4,386081
2024,male,5,394432
2024,male,6,398788
2024,male,7,407951
2024,male,8,419605
2024,male,9,416423
2024,male,10,417859
2024,male,11,427551
2024,male,12,437614
2024,male,13,438053
2024,male,14,431723
2024,male,15,429628
2024,male,16,433891
2024,male,17,421593
2024,male,18,416568
2024,male,19,422070
2024,male,20,423831
2024,male,21,422376
2024,male,22,420439
2024,male,23,426644
2024,male,24,438356
2024,male,25,448422
2024,male,26,450783
2024,male,27,457280
2024,male,28,449418
2024,male,29,451457
2024,male,30,459835
2024,male,31,458423
2024,male,32,468883
2024,male,33,474585
2024,male,34,471600
2024,male,35,466339
2024,male,36,468972
2024,male,37,457439
2024,male,38,456834
2024,male,39,453895
2024,male,40,439309
2024,male,41,438814
2024,male,42,436518
2024,male,43,439764
2024,male,44,441608
2024,male,45,424380
2024,male,46,394001
2024,male,47,387484
2024,male,48,395836
2024,male,49,403398
2024,male,50,407865
2024,male,51,423569
2024,male,52,438486
2024,male,53,452878
2024,male,54,442064
2024,male,55,452135
2024,male,56,450511
2024,male,57,453788
2024,male,58,449129
2024,male,59,450958
2024,male,60,443919
2024,male,61,433308
2024,male,62,421811
2024,male,63,406478
2024,male,64,388946
2024,male,65,376840
2024,male,66,364718
2024,male,67,346238
2024,male,68,331545
2024,male,69,314742
2024,male,70,310948
2024,male,71,302949
2024,male,72,288270
2024,male,73,286712
2024,male,74,284879
2024,male,75,287779
2024,male,76,296640
2024,male,77,314311
2024,male,78,233552
2024,male,79,218386
2024,male,80,210542
2024,male,81,186087
2024,male,82,157923
2024,male,83,132492
2024,male,84,128866
2024,male,85,119008
2024,male,86,106519
2024,male,87,91632
2024,male,88,77536
2024,male,89,64816
2024,male,90,51898
2024,male,91,42146
2024,male,92,33810
2024,male,93,25962
2024,male,94,18890
2024,male,95,13232
2024,male,96,9073
2024,male,97,6115
2024,male,98,3893
2024,male,99,2427
2024,male,100,1416
2024,male,101,814
2024,male,102,437
2024,male,103,226
2024,male,104,121
2024,male,105,60
2025,female,0,317686
2025,female,1,327935
2025,female,2,338279
2025,female,3,358658
2025,female,4,356258
2025,female,5,369761
2025,female,6,376378
2025,female,7,381376
2025,female,8,390185
2025,female,9,400480
2025,female,10,397930
2025,female,11,399560
2025,female,12,408413
2025,female,13,418244
2025,female,14,417732
2025,female,15,413729
2025,female,16,410318
2025,female,17,414288
2025,female,18,399447
2025,female,19,398620
2025,female,20,406477
2025,female,21,404249
2025,female,22,401940
2025,female,23,408447
2025,female,24,412365
2025,female,25,422024
2025,female,26,444655
2025,female,27,458010
2025,female,28,469985
2025,female,29,463354
2025,female,30,470982
2025,female,31,484020
2025,female,32,486083
2025,female,33,498400
2025,female,34,504074
2025,female,35,503593
2025,female,36,500871
2025,female,37,507256
2025,female,38,496049
2025,female,39,489353
2025,female,40,485837
2025,female,41,469975
2025,female,42,469221
2025,female,43,463843
2025,female,44,467338
2025,female,45,465639
2025,female,46,444476
2025,female,47,412021
2025,female,48,402609
2025,female,49,410811
2025,female,50,417510
2025,female,51,422475
2025,female,52,438299
2025,female,53,454957
2025,female,54,473232
2025,female,55,460650
2025,female,56,470719
2025,female,57,469471
2025,female,58,470280
2025,female,59,469617
2025,female,60,471064
2025,female,61,464261
2025,female,62,452458
2025,female,63,439638
2025,female,64,421487
2025,female,65,403839
2025,female,66,393032
2025,female,67,380880
2025,female,68,364266
2025,female,69,348875
2025,female,70,334931
2025,female,71,333201
2025,female,72,324950
2025,female,73,313788
2025,female,74,312458
2025,female,75,314249
2025,female,76,317096
2025,female,77,330339
2025,female,78,350379
2025,female,79,263767
2025,female,80,249905
2025,female,81,242088
2025,female,82,219106
2025,female,83,189777
2025,female,84,163167
2025,female,85,161170
2025,female,86,150872
2025,female,87,137597
2025,female,88,121030
2025,female,89,105738
2025,female,90,90358
2025,female,91,73607
2025,female,92,61708
2025,female,93,51510
2025,female,94,41269
2025,female,95,32160
2025,female,96,23665
2025,female,97,16907
2025,female,98,11918
2025,female,99,8188
2025,female,100,5349
2025,female,101,3385
2025,female,102,2064
2025,female,103,1211
2025,female,104,677
2025,female,105,552
2025,male,0,333572
2025,male,1,344421
2025,male,2,356607
2025,male,3,376143
2025,male,4,373747
2025,male,5,386967
2025,male,6,395428
2025,male,7,399866
2025,male,8,409003
2025,male,9,420639
2025,male,10,417531
2025,male,11,418996
2025,male,12,428612
2025,male,13,438674
2025,male,14,439496
2025,male,15,433546
2025,male,16,431615
2025,male,17,436434
2025,male,18,425336
2025,male,19,422999
2025,male,20,430550
2025,male,21,430470
2025,male,22,426240
2025,male,23,423436
2025,male,24,426041
2025,male,25,435235
2025,male,26,447885
2025,male,27,452338
2025,male,28,459538
2025,male,29,451896
2025,male,30,454060
2025,male,31,462487
2025,male,32,460659
2025,male,33,470586
2025,male,34,476185
2025,male,35,473059
2025,male,36,467528
2025,male,37,469878
2025,male,38,458073
2025,male,39,457277
2025,male,40,454111
2025,male,41,439326
2025,male,42,438740
2025,male,43,436382
2025,male,44,439505
2025,male,45,441201
2025,male,46,423905
2025,male,47,393520
2025,male,48,386917
2025,male,49,395093
2025,male,50,402512
2025,male,51,406800
2025,male,52,422253
2025,male,53,436908
2025,male,54,450989
2025,male,55,439963
2025,male,56,449773
2025,male,57,447985
2025,male,58,451039
2025,male,59,446161
2025,male,60,447763
2025,male,61,440594
2025,male,62,429773
2025,male,63,418061
2025,male,64,402529
2025,male,65,384785
2025,male,66,372436
2025,male,67,360028
2025,male,68,341388
2025,male,69,326411
2025,male,70,309308
2025,male,71,305067
2025,male,72,296642
2025,male,73,281653
2025,male,74,279520
2025,male,75,277095
2025,male,76,279193
2025,male,77,286999
2025,male,78,302900
2025,male,79,223985
2025,male,80,208431
2025,male,81,199761
2025,male,82,175241
2025,male,83,147423
2025,male,84,122567
2025,male,85,118037
2025,male,86,107840
2025,male,87,95378
2025,male,88,80913
2025,male,89,67392
2025,male,90,55358
2025,male,91,43439
2025,male,92,34474
2025,male,93,26990
2025,male,94,20167
2025,male,95,14236
2025,male,96,9666
2025,male,97,6400
2025,male,98,4165
2025,male,99,2573
2025,male,100,1535
2025,male,101,844
2025,male,102,456
2025,male,103,227
2025,male,104,109
2025,male,105,73
2026,female,0,318207
2026,female,1,319100
2026,female,2,329509
2026,female,3,338971
2026,female,4,359111
2026,female,5,356715
2026,female,6,370301
2026,female,7,376990
2026,female,8,382032
2026,female,9,390882
2026,female,10,401228
2026,female,11,398616
2026,female,12,400197
2026,female,13,409151
2026,female,14,419167
2026,female,15,418836
2026,female,16,414986
2026,female,17,411980
2026,female,18,417251
2026,female,19,405734
2026,female,20,406390
2026,female,21,411620
2026,female,22,408179
2026,female,23,405959
2026,female,24,407455
2026,female,25,408849
2026,female,26,422131
2026,female,27,446772
2026,female,28,460598
2026,female,29,472533
2026,female,30,465819
2026,female,31,473347
2026,female,32,485955
2026,female,33,487565
2026,female,34,499829
2026,female,35,505452
2026,female,36,504790
2026,female,37,501864
2026,female,38,508081
2026,female,39,496799
2026,female,40,489997
2026,female,41,486344
2026,female,42,470338
2026,female,43,469463
2026,female,44,463954
2026,female,45,467278
2026,female,46,465438
2026,female,47,444177
2026,female,48,411643
2026,female,49,402131
2026,female,50,410178
2026,female,51,416680
2026,female,52,421457
2026,female,53,437103
2026,female,54,453559
2026,female,55,471669
2026,female,56,459027
2026,female,57,468914
2026,female,58,467575
2026,female,59,468263
2026,female,60,467435
2026,female,61,468709
2026,female,62,461755
2026,female,63,449814
2026,female,64,436834
2026,female,65,418560
2026,female,66,400774
2026,female,67,389727
2026,female,68,377336
2026,female,69,360521
2026,female,70,344895
2026,female,71,330705
2026,female,72,328568
2026,female,73,319947
2026,female,74,308444
2026,female,75,306567
2026,female,76,307704
2026,female,77,309754
2026,female,78,321752
2026,female,79,340100
2026,female,80,255026
2026,female,81,240498
2026,female,82,231708
2026,female,83,208386
2026,female,84,179191
2026,female,85,152793
2026,female,86,149524
2026,female,87,138502
2026,female,88,124815
2026,female,89,108291
2026,female,90,93103
2026,female,91,78052
2026,female,92,62210
2026,female,93,50921
2026,female,94,41388
2026,female,95,32193
2026,female,96,24277
2026,female,97,17226
2026,female,98,11833
2026,female,99,8002
2026,female,100,5265
2026,female,101,3264
2026,female,102,1931
2026,female,103,1088
2026,female,104,582
2026,female,105,486
2026,male,0,334072
2026,male,1,335378
2026,male,2,346358
2026,male,3,357453
2026,male,4,376701
2026,male,5,374316
2026,male,6,387630
2026,male,7,396167
2026,male,8,400596
2026,male,9,409729
2026,male,10,421425
2026,male,11,418342
2026,male,12,419748
2026,male,13,429367
2026,male,14,439735
2026,male,15,440853
2026,male,16,435028
2026,male,17,433498
2026,male,18,439179
2026,male,19,430089
2026,male,20,429324
2026,male,21,435399
2026,male,22,433035
2026,male,23,427989
2026,male,24,422242
2026,male,25,422878
2026,male,26,434203
2026,male,27,448565
2026,male,28,453604
2026,male,29,460997
2026,male,30,453482
2026,male,31,455710
2026,male,32,463819
2026,male,33,461604
2026,male,34,471469
2026,male,35,476967
2026,male,36,473640
2026,male,37,467900
2026,male,38,470029
2026,male,39,458087
2026,male,40,457120
2026,male,41,453801
2026,male,42,438961
2026,male,43,438328
2026,male,44,435883
2026,male,45,438872
2026,male,46,440486
2026,male,47,423163
2026,male,48,392753
2026,male,49,386034
2026,male,50,394081
2026,male,51,401324
2026,male,52,405401
2026,male,53,420574
2026,male,54,434927
2026,male,55,448707
2026,male,56,437545
2026,male,57,447109
2026,male,58,445101
2026,male,59,447890
2026,male,60,442804
2026,male,61,444151
2026,male,62,436752
2026,male,63,425707
2026,male,64,413758
2026,male,65,398008
2026,male,66,380083
2026,male,67,367472
2026,male,68,354783
2026,male,69,335916
2026,male,70,320626
2026,male,71,303278
2026,male,72,298523
2026,male,73,289628
2026,male,74,274344
2026,male,75,271587
2026,male,76,268538
2026,male,77,269771
2026,male,78,276299
2026,male,79,290334
2026,male,80,213575
2026,male,81,197507
2026,male,82,187881
2026,male,83,163398
2026,male,84,136135
2026,male,85,111963
2026,male,86,106581
2026,male,87,96177
2026,male,88,83912
2026,male,89,70084
2026,male,90,57319
2026,male,91,46105
2026,male,92,35319
2026,male,93,27308
2026,male,94,20765
2026,male,95,15003
2026,male,96,10205
2026,male,97,6651
2026,male,98,4216
2026,male,99,2620
2026,male,100,1541
2026,male,101,869
2026,male,102,447
2026,male,103,223
2026,male,104,101
2026,male,105,66
2027,female,0,315960
2027,female,1,319927
2027,female,2,321073
2027,female,3,330656
2027,female,4,339897
2027,female,5,360015
2027,female,6,357663
2027,female,7,371292
2027,female,8,377991
2027,female,9,383042
2027,female,10,391917
2027,female,11,402190
2027,female,12,399524
2027,female,13,401187
2027,female,14,410303
2027,female,15,420490
2027,female,16,420318
2027,female,17,416905
2027,female,18,415390
2027,female,19,424224
2027,female,20,414289
2027,female,21,412563
2027,female,22,417091
2027,female,23,414522
2027,female,24,408141
2027,female,25,407001
2027,female,26,411246
2027,female,27,426104
2027,female,28,451020
2027,female,29,464685
2027,female,30,476399
2027,female,31,469469
2027,female,32,476476
2027,female,33,488526
2027,female,34,489967
2027,female,35,502069
2027,female,36,507417
2027,female,37,506478
2027,female,38,503323
2027,female,39,509388
2027,female,40,497954
2027,female,41,490968
2027,female,42,487122
2027,female,43,470977
2027,female,44,469936
2027,female,45,464242
2027,female,46,467396
2027,female,47,465407
2027,female,48,444028
2027,female,49,411417
2027,female,50,401778
2027,female,51,409619
2027,female,52,415927
2027,female,53,420553
2027,female,54,435999
2027,female,55,452282
2027,female,56,470218
2027,female,57,457465
2027,female,58,467205
2027,female,59,465739
2027,female,60,466249
2027,female,61,465253
2027,female,62,466328
2027,female,63,459200
2027,female,64,447087
2027,female,65,433940
2027,female,66,415517
2027,female,67,397547
2027,female,68,386240
2027,female,69,373585
2027,female,70,356532
2027,female,71,340657
2027,female,72,326211
2027,female,73,323612
2027,female,74,314588
2027,female,75,302715
2027,female,76,300254
2027,female,77,300664
2027,female,78,301816
2027,female,79,312486
2027,female,80,329052
2027,female,81,245641
2027,female,82,230415
2027,female,83,220618
2027,female,84,196992
2027,female,85,168005
2027,female,86,141926
2027,female,87,137426
2027,female,88,125783
2027,female,89,111822
2027,female,90,95510
2027,female,91,80596
2027,female,92,66150
2027,female,93,51506
2027,female,94,41061
2027,female,95,32409
2027,female,96,24402
2027,female,97,17751
2027,female,98,12108
2027,female,99,7974
2027,female,100,5160
2027,female,101,3219
2027,female,102,1866
2027,female,103,1020
2027,female,104,524
2027,female,105,422
2027,male,0,331719
2027,male,1,336208
2027,male,2,337759
2027,male,3,347723
2027,male,4,358547
2027,male,5,377779
2027,male,6,375452
2027,male,7,388802
2027,male,8,397293
2027,male,9,401683
2027,male,10,410852
2027,male,11,422553
2027,male,12,419398
2027,male,13,420788
2027,male,14,430687
2027,male,15,441343
2027,male,16,442605
2027,male,17,437249
2027,male,18,436840
2027,male,19,444934
2027,male,20,437504
2027,male,21,435374
2027,male,22,439654
2027,male,23,437068
2027,male,24,429646
2027,male,25,421938
2027,male,26,424204
2027,male,27,436861
2027,male,28,451632
2027,male,29,456758
2027,male,30,464166
2027,male,31,456622
2027,male,32,458463
2027,male,33,466095
2027,male,34,463735
2027,male,35,473403
2027,male,36,478603
2027,male,37,474987
2027,male,38,468959
2027,male,39,470863
2027,male,40,458696
2027,male,41,457504
2027,male,42,454059
2027,male,43,439149
2027,male,44,438374
2027,male,45,435758
2027,male,46,438619
2027,male,47,440129
2027,male,48,422713
2027,male,49,392230
2027,male,50,385407
2027,male,51,393257
2027,male,52,400263
2027,male,53,404095
2027,male,54,418956
2027,male,55,432996
2027,male,56,446495
2027,male,57,435188
2027,male,58,444453
2027,male,59,442196
2027,male,60,444695
2027,male,61,439391
2027,male,62,440427
2027,male,63,432769
2027,male,64,421477
2027,male,65,409258
2027,male,66,393287
2027,male,67,375163
2027,male,68,362270
2027,male,69,349256
2027,male,70,330133
2027,male,71,314547
2027,male,72,296936
2027,male,73,291610
2027,male,74,282215
2027,male,75,266622
2027,male,76,263235
2027,male,77,259524
2027,male,78,259808
2027,male,79,265004
2027,male,80,277095
2027,male,81,202637
2027,male,82,186062
2027,male,83,175502
2027,male,84,151173
2027,male,85,124577
2027,male,86,101237
2027,male,87,95151
2027,male,88,84690
2027,male,89,72771
2027,male,90,59726
2027,male,91,47866
2027,male,92,37600
2027,male,93,28065
2027,male,94,21079
2027,male,95,15506
2027,male,96,10800
2027,male,97,7056
2027,male,98,4401
2027,male,99,2663
2027,male,100,1575
2027,male,101,875
2027,male,102,462
2027,male,103,219
2027,male,104,100
2027,male,105,63
2028,female,0,313927
2028,female,1,317684
2028,female,2,321900
2028,female,3,322221
2028,female,4,331582
2028,female,5,340801
2028,female,6,360962
2028,female,7,358654
2028,female,8,372294
2028,female,9,379002
2028,female,10,384078
2028,female,11,392879
2028,female,12,403099
2028,female,13,400515
2028,female,14,402341
2028,female,15,411629
2028,female,16,421974
2028,female,17,422236
2028,female,18,420317
2028,female,19,422364
2028,female,20,432775
2028,female,21,420462
2028,female,22,418035
2028,female,23,423434
2028,female,24,416703
2028,female,25,407688
2028,female,26,409400
2028,female,27,415223
2028,female,28,430359
2028,female,29,455111
2028,female,30,468556
2028,female,31,480046
2028,female,32,472603
2028,female,33,479054
2028,female,34,490932
2028,female,35,492214
2028,female,36,504040
2028,female,37,509111
2028,female,38,507938
2028,female,39,504640
2028,female,40,510540
2028,female,41,498927
2028,female,42,491748
2028,female,43,487750
2028,female,44,471455
2028,female,45,470222
2028,female,46,464370
2028,female,47,467366
2028,female,48,465226
2028,female,49,443747
2028,female,50,411052
2028,female,51,401248
2028,female,52,408892
2028,female,53,415046
2028,female,54,419506
2028,female,55,434789
2028,female,56,450907
2028,female,57,468622
2028,female,58,455813
2028,female,59,465380
2028,female,60,463745
2028,female,61,464086
2028,female,62,462909
2028,female,63,463767
2028,female,64,456443
2028,female,65,444158
2028,female,66,430830
2028,female,67,412227
2028,female,68,394059
2028,female,69,382476
2028,female,70,369522
2028,female,71,352219
2028,female,72,336092
2028,female,73,321357
2028,female,74,318259
2028,female,75,308803
2028,female,76,296543
2028,female,77,293439
2028,female,78,293028
2028,female,79,293221
2028,female,80,302494
2028,female,81,317150
2028,female,82,235542
2028,female,83,219600
2028,female,84,208785
2028,female,85,184910
2028,female,86,156242
2028,female,87,130597
2028,female,88,124948
2028,female,89,112819
2028,female,90,98746
2028,female,91,82819
2028,female,92,68460
2028,female,93,54929
2028,female,94,41677
2028,female,95,32271
2028,female,96,24663
2028,female,97,17918
2028,female,98,12534
2028,female,99,8197
2028,female,100,5162
2028,female,101,3165
2028,female,102,1846
2028,female,103,989
2028,female,104,493
2028,female,105,378
2028,male,0,329588
2028,male,1,333860
2028,male,2,338591
2028,male,3,339124
2028,male,4,348818
2028,male,5,359625
2028,male,6,378913
2028,male,7,376625
2028,male,8,389929
2028,male,9,398381
2028,male,10,402807
2028,male,11,411981
2028,male,12,423610
2028,male,13,420439
2028,male,14,422111
2028,male,15,432296
2028,male,16,443099
2028,male,17,444826
2028,male,18,440592
2028,male,19,442598
2028,male,20,452345
2028,male,21,443553
2028,male,22,439630
2028,male,23,443683
2028,male,24,438722
2028,male,25,429339
2028,male,26,423264
2028,male,27,426870
2028,male,28,439935
2028,male,29,454790
2028,male,30,459933
2028,male,31,467304
2028,male,32,459380
2028,male,33,460751
2028,male,34,468230
2028,male,35,465689
2028,male,36,475054
2028,male,37,479955
2028,male,38,476048
2028,male,39,469806
2028,male,40,471465
2028,male,41,459088
2028,male,42,457767
2028,male,43,454237
2028,male,44,439213
2028,male,45,438265
2028,male,46,435529
2028,male,47,438279
2028,male,48,439653
2028,male,49,422125
2028,male,50,391614
2028,male,51,384648
2028,male,52,392266
2028,male,53,399016
2028,male,54,402584
2028,male,55,417127
2028,male,56,430886
2028,male,57,444102
2028,male,58,432626
2028,male,59,441571
2028,male,60,439060
2028,male,61,441278
2028,male,62,435720
2028,male,63,436421
2028,male,64,428491
2028,male,65,416927
2028,male,66,404446
2028,male,67,388248
2028,male,68,369917
2028,male,69,356707
2028,male,70,343339
2028,male,71,323985
2028,male,72,308088
2028,male,73,290181
2028,male,74,284255
2028,male,75,274342
2028,male,76,258459
2028,male,77,254409
2028,male,78,249968
2028,male,79,249258
2028,male,80,253064
2028,male,81,263130
2028,male,82,191127
2028,male,83,174078
2028,male,84,162659
2028,male,85,138594
2028,male,86,112831
2028,male,87,90495
2028,male,88,83859
2028,male,89,73500
2028,male,90,62083
2028,male,91,49971
2028,male,92,39142
2028,male,93,29973
2028,male,94,21734
2028,male,95,15793
2028,male,96,11205
2028,male,97,7499
2028,male,98,4692
2028,male,99,2793
2028,male,100,1606
2028,male,101,898
2028,male,102,467
2028,male,103,227
2028,male,104,98
2028,male,105,60
2029,female,0,311874
2029,female,1,315655
2029,female,2,319657
2029,female,3,323049
2029,female,4,323150
2029,female,5,332487
2029,female,6,341751
2029,female,7,361953
2029,female,8,359658
2029,female,9,373306
2029,female,10,380039
2029,female,11,385040
2029,female,12,393789
2029,female,13,404091
2029,female,14,401669
2029,female,15,403667
2029,female,16,413115
2029,female,17,423894
2029,female,18,425647
2029,female,19,427292
2029,female,20,430917
2029,female,21,438946
2029,female,22,425932
2029,female,23,424377
2029,female,24,425614
2029,female,25,416249
2029,female,26,410088
2029,female,27,413377
2029,female,28,419480
2029,female,29,434456
2029,female,30,458986
2029,female,31,472207
2029,female,32,483176
2029,female,33,475183
2029,female,34,481466
2029,female,35,493183
2029,female,36,494195
2029,female,37,505739
2029,female,38,510576
2029,female,39,509258
2029,female,40,505802
2029,female,41,511510
2029,female,42,499710
2029,female,43,492380
2029,female,44,488218
2029,female,45,471749
2029,female,46,470349
2029,female,47,464349
2029,female,48,467186
2029,female,49,464912
2029,female,50,443323
2029,female,51,410512
2029,female,52,400555
2029,female,53,408042
2029,female,54,414026
2029,female,55,418358
2029,female,56,433484
2029,female,57,449393
2029,female,58,466933
2029,female,59,454047
2029,female,60,463399
2029,female,61,461606
2029,female,62,461763
2029,female,63,460391
2029,female,64,461007
2029,female,65,453483
2029,female,66,441012
2029,female,67,427467
2029,female,68,408668
2029,female,69,390291
2029,female,70,378393
2029,female,71,365127
2029,female,72,347573
2029,female,73,331158
2029,female,74,316112
2029,female,75,312480
2029,female,76,302570
2029,female,77,289877
2029,female,78,286042
2029,female,79,284755
2029,female,80,283945
2029,female,81,291716
2029,female,82,304327
2029,female,83,224693
2029,female,84,208041
2029,female,85,196212
2029,female,86,172177
2029,female,87,143955
2029,female,88,118889
2029,female,89,112204
2029,female,90,99746
2029,female,91,85735
2029,female,92,70472
2029,female,93,56981
2029,female,94,44581
2029,female,95,32875
2029,female,96,24650
2029,female,97,18184
2029,female,98,12707
2029,female,99,8524
2029,female,100,5330
2029,female,101,3181
2029,female,102,1824
2029,female,103,982
2029,female,104,479
2029,female,105,351
2029,male,0,327436
2029,male,1,331736
2029,male,2,336246
2029,male,3,339958
2029,male,4,340219
2029,male,5,349898
2029,male,6,360761
2029,male,7,380086
2029,male,8,377753
2029,male,9,391018
2029,male,10,399506
2029,male,11,403937
2029,male,12,413040
2029,male,13,424651
2029,male,14,421763
2029,male,15,423722
2029,male,16,434055
2029,male,17,445322
2029,male,18,448170
2029,male,19,446353
2029,male,20,450013
2029,male,21,458390
2029,male,22,447807
2029,male,23,443661
2029,male,24,445334
2029,male,25,438411
2029,male,26,430662
2029,male,27,425931
2029,male,28,429950
2029,male,29,443100
2029,male,30,457967
2029,male,31,463076
2029,male,32,470058
2029,male,33,461674
2029,male,34,462900
2029,male,35,470188
2029,male,36,467359
2029,male,37,476422
2029,male,38,481024
2029,male,39,476899
2029,male,40,470423
2029,male,41,471849
2029,male,42,459363
2029,male,43,457953
2029,male,44,454292
2029,male,45,439122
2029,male,46,438048
2029,male,47,435215
2029,male,48,437822
2029,male,49,439038
2029,male,50,421438
2029,male,51,390866
2029,male,52,383725
2029,male,53,391090
2029,male,54,397568
2029,male,55,400871
2029,male,56,415129
2029,male,57,428604
2029,male,58,441502
2029,male,59,429847
2029,male,60,438462
2029,male,61,435707
2029,male,62,437600
2029,male,63,431773
2029,male,64,432121
2029,male,65,423891
2029,male,66,412064
2029,male,67,399312
2029,male,68,382875
2029,male,69,364305
2029,male,70,350746
2029,male,71,337045
2029,male,72,317447
2029,male,73,301202
2029,male,74,282986
2029,male,75,276436
2029,male,76,266016
2029,male,77,249832
2029,male,78,245056
2029,male,79,239848
2029,male,80,238101
2029,male,81,240452
2029,male,82,248411
2029,male,83,179046
2029,male,84,161608
2029,male,85,149404
2029,male,86,125767
2029,male,87,101032
2029,male,88,79859
2029,male,89,72843
2029,male,90,62751
2029,male,91,51998
2029,male,92,40942
2029,male,93,31290
2029,male,94,23289
2029,male,95,16339
2029,male,96,11449
2029,male,97,7810
2029,male,98,5009
2029,male,99,2992
2029,male,100,1693
2029,male,101,919
2029,male,102,480
2029,male,103,230
2029,male,104,103
2029,male,105,60
2030,female,0,310219
2030,female,1,313608
2030,female,2,317631
2030,female,3,320807
2030,female,4,323978
2030,female,5,324057
2030,female,6,333438
2030,female,7,342743
2030,female,8,362956
2030,female,9,360670
2030,female,10,374344
2030,female,11,381002
2030,female,12,385951
2030,female,13,394781
2030,female,14,405246
2030,female,15,402997
2030,female,16,405154
2030,female,17,415037
2030,female,18,427306
2030,female,19,432621
2030,female,20,435845
2030,female,21,437089
2030,female,22,444414
2030,female,23,432275
2030,female,24,426557
2030,female,25,425160
2030,female,26,418649
2030,female,27,414066
2030,female,28,417635
2030,female,29,423582
2030,female,30,438337
2030,female,31,462641
2030,female,32,475342
2030,female,33,485754
2030,female,34,477601
2030,female,35,483726
2030,female,36,495167
2030,female,37,495904
2030,female,38,507212
2030,female,39,511899
2030,female,40,510424
2030,female,41,506783
2030,female,42,512288
2030,female,43,500344
2030,female,44,492852
2030,female,45,488498
2030,female,46,471883
2030,female,47,470328
2030,female,48,464181
2030,female,49,466874
2030,female,50,464451
2030,female,51,442718
2030,female,52,409807
2030,female,53,399739
2030,female,54,407055
2030,female,55,412908
2030,female,56,417121
2030,female,57,432047
2030,female,58,447793
2030,female,59,465132
2030,female,60,452132
2030,female,61,461275
2030,female,62,459310
2030,female,63,459268
2030,female,64,457677
2030,female,65,458043
2030,female,66,450301
2030,female,67,437610
2030,female,68,423829
2030,female,69,404822
2030,female,70,386201
2030,female,71,373975
2030,female,72,360387
2030,female,73,342549
2030,female,74,325823
2030,female,75,310445
2030,female,76,306250
2030,female,77,295837
2030,female,78,282640
2030,female,79,278026
2030,female,80,275823
2030,female,81,273933
2030,female,82,280090
2030,female,83,290533
2030,female,84,213074
2030,female,85,195731
2030,female,86,182931
2030,female,87,158844
2030,female,88,131226
2030,female,89,106905
2030,female,90,99328
2030,female,91,86712
2030,female,92,73054
2030,female,93,58763
2030,female,94,46362
2030,female,95,35276
2030,female,96,25205
2030,female,97,18244
2030,female,98,12950
2030,female,99,8681
2030,female,100,5568
2030,female,101,3300
2030,female,102,1841
2030,female,103,976
2030,female,104,478
2030,female,105,336
2030,male,0,325706
2030,male,1,329589
2030,male,2,334123
2030,male,3,337614
2030,male,4,341055
2030,male,5,341300
2030,male,6,351036
2030,male,7,361936
2030,male,8,381214
2030,male,9,378843
2030,male,10,392144
2030,male,11,400637
2030,male,12,404998
2030,male,13,414083
2030,male,14,425974
2030,male,15,423378
2030,male,16,425483
2030,male,17,436285
2030,male,18,448670
2030,male,19,453931
2030,male,20,453771
2030,male,21,456061
2030,male,22,462639
2030,male,23,451834
2030,male,24,445313
2030,male,25,445019
2030,male,26,439730
2030,male,27,433325
2030,male,28,429012
2030,male,29,433121
2030,male,30,446284
2030,male,31,461114
2030,male,32,465837
2030,male,33,472348
2030,male,34,463827
2030,male,35,464871
2030,male,36,471864
2030,male,37,468748
2030,male,38,477508
2030,male,39,481882
2030,male,40,477520
2030,male,41,470822
2030,male,42,472114
2030,male,43,459561
2030,male,44,458016
2030,male,45,454190
2030,male,46,438926
2030,male,47,437747
2030,male,48,434785
2030,male,49,437228
2030,male,50,438324
2030,male,51,420617
2030,male,52,389956
2030,male,53,382623
2030,male,54,389716
2030,male,55,395921
2030,male,56,398993
2030,male,57,412967
2030,male,58,426124
2030,male,59,438684
2030,male,60,426851
2030,male,61,435139
2030,male,62,432102
2030,male,63,433651
2030,male,64,427538
2030,male,65,427502
2030,male,66,418976
2030,male,67,406874
2030,male,68,393835
2030,male,69,377127
2030,male,70,358292
2030,male,71,344404
2030,male,72,330348
2030,male,73,310470
2030,male,74,293861
2030,male,75,275329
2030,male,76,268158
2030,male,77,257211
2030,male,78,240686
2030,male,79,235151
2030,male,80,229141
2030,male,81,226309
2030,male,82,227142
2030,male,83,232935
2030,male,84,166441
2030,male,85,148694
2030,male,86,135840
2030,male,87,112838
2030,male,88,89316
2030,male,89,69461
2030,male,90,62245
2030,male,91,52594
2030,male,92,42648
2030,male,93,32794
2030,male,94,24382
2030,male,95,17566
2030,male,96,11886
2030,male,97,8007
2030,male,98,5236
2030,male,99,3208
2030,male,100,1822
2030,male,101,974
2030,male,102,494
2030,male,103,239
2030,male,104,104
2030,male,105,61
2031,female,0,309011
2031,female,1,311957
2031,female,2,315584
2031,female,3,318783
2031,female,4,321736
2031,female,5,324884
2031,female,6,325008
2031,female,7,334431
2031,female,8,343748
2031,female,9,363968
2031,female,10,361709
2031,female,11,375309
2031,female,12,381913
2031,female,13,386945
2031,female,14,395938
2031,female,15,406573
2031,female,16,404485
2031,female,17,407078
2031,female,18,418452
2031,female,19,434282
2031,female,20,441175
2031,female,21,442018
2031,female,22,442559
2031,female,23,450755
2031,female,24,434455
2031,female,25,426103
2031,female,26,427559
2031,female,27,422627
2031,female,28,418325
2031,female,29,421740
2031,female,30,427469
2031,female,31,442001
2031,female,32,465782
2031,female,33,477925
2031,female,34,488169
2031,female,35,479864
2031,female,36,485719
2031,female,37,496880
2031,female,38,497388
2031,female,39,508543
2031,female,40,513069
2031,female,41,511409
2031,female,42,507574
2031,female,43,512916
2031,female,44,500816
2031,female,45,493137
2031,female,46,488617
2031,female,47,471870
2031,female,48,470157
2031,female,49,463882
2031,female,50,466417
2031,female,51,463807
2031,female,52,441946
2031,female,53,408977
2031,female,54,398789
2031,female,55,405971
2031,female,56,411702
2031,female,57,415758
2031,female,58,430530
2031,female,59,446087
2031,female,60,463179
2031,female,61,450080
2031,female,62,458998
2031,female,63,456846
2031,female,64,456579
2031,female,65,454764
2031,female,66,454861
2031,female,67,446862
2031,female,68,433930
2031,female,69,419898
2031,female,70,400648
2031,female,71,381772
2031,female,72,369208
2031,female,73,355261
2031,female,74,337115
2031,female,75,320058
2031,female,76,304334
2031,female,77,299516
2031,female,78,288526
2031,female,79,274794
2031,female,80,269372
2031,female,81,266179
2031,female,82,263127
2031,female,83,267567
2031,female,84,275741
2031,female,85,200678
2031,female,86,182700
2031,female,87,168991
2031,female,88,145001
2031,female,89,118169
2031,female,90,94772
2031,female,91,86466
2031,female,92,73983
2031,female,93,61002
2031,female,94,47903
2031,female,95,36778
2031,female,96,27134
2031,female,97,18727
2031,female,98,13043
2031,female,99,8884
2031,female,100,5696
2031,female,101,3463
2031,female,102,1920
2031,female,103,990
2031,female,104,478
2031,female,105,331
2031,male,0,324439
2031,male,1,327862
2031,male,2,331978
2031,male,3,335492
2031,male,4,338710
2031,male,5,342136
2031,male,6,342439
2031,male,7,352211
2031,male,8,363066
2031,male,9,382304
2031,male,10,379971
2031,male,11,393276
2031,male,12,401698
2031,male,13,406042
2031,male,14,415409
2031,male,15,427589
2031,male,16,425141
2031,male,17,427717
2031,male,18,439640
2031,male,19,454435
2031,male,20,461348
2031,male,21,459821
2031,male,22,460316
2031,male,23,466664
2031,male,24,453485
2031,male,25,444999
2031,male,26,446336
2031,male,27,442388
2031,male,28,436404
2031,male,29,432186
2031,male,30,436315
2031,male,31,449440
2031,male,32,463877
2031,male,33,468132
2031,male,34,474497
2031,male,35,465804
2031,male,36,466560
2031,male,37,473258
2031,male,38,469855
2031,male,39,478385
2031,male,40,482511
2031,male,41,477924
2031,male,42,471105
2031,male,43,472301
2031,male,44,459635
2031,male,45,457924
2031,male,46,453983
2031,male,47,438646
2031,male,48,437332
2031,male,49,434218
2031,male,50,436536
2031,male,51,437472
2031,male,52,419626
2031,male,53,388864
2031,male,54,381328
2031,male,55,388148
2031,male,56,394112
2031,male,57,396961
2031,male,58,410617
2031,male,59,423436
2031,male,60,435647
2031,male,61,423649
2031,male,62,431569
2031,male,63,428230
2031,male,64,429415
2031,male,65,422989
2031,male,66,422568
2031,male,67,413733
2031,male,68,401341
2031,male,69,387976
2031,male,70,370969
2031,male,71,351890
2031,male,72,337649
2031,male,73,323194
2031,male,74,303024
2031,male,75,286039
2031,male,76,267214
2031,male,77,259397
2031,male,78,247875
2031,male,79,230998
2031,male,80,224674
2031,male,81,217828
2031,male,82,213857
2031,male,83,213131
2031,male,84,216757
2031,male,85,153356
2031,male,86,135438
2031,male,87,122121
2031,male,88,99957
2031,male,89,77828
2031,male,90,59437
2031,male,91,52219
2031,male,92,43166
2031,male,93,34200
2031,male,94,25607
2031,male,95,18445
2031,male,96,12821
2031,male,97,8340
2031,male,98,5386
2031,male,99,3366
2031,male,100,1963
2031,male,101,1053
2031,male,102,526
2031,male,103,246
2031,male,104,109
2031,male,105,63
2032,female,0,307935
2032,female,1,310752
2032,female,2,313936
2032,female,3,316737
2032,female,4,319714
2032,female,5,322643
2032,female,6,325836
2032,female,7,326002
2032,female,8,335437
2032,female,9,344761
2032,female,10,365006
2032,female,11,362675
2032,female,12,376221
2032,female,13,382907
2032,female,14,388103
2032,female,15,397268
2032,female,16,408062
2032,female,17,406411
2032,female,18,410494
2032,female,19,425432
2032,female,20,442836
2032,female,21,447349
2032,female,22,447487
2032,female,23,448900
2032,female,24,452933
2032,female,25,434000
2032,female,26,428503
2032,female,27,431534
2032,female,28,426886
2032,female,29,422430
2032,female,30,425628
2032,female,31,431138
2032,female,32,445150
2032,female,33,468371
2032,female,34,480346
2032,female,35,490430
2032,female,36,481860
2032,female,37,487442
2032,female,38,498368
2032,female,39,498732
2032,female,40,509722
2032,female,41,514059
2032,female,42,512205
2032,female,43,508217
2032,female,44,513384
2032,female,45,501102
2032,female,46,493260
2032,female,47,488588
2032,female,48,471707
2032,female,49,469856
2032,female,50,463437
2032,female,51,465775
2032,female,52,462992
2032,female,53,441044
2032,female,54,408012
2032,female,55,397744
2032,female,56,404803
2032,female,57,410372
2032,female,58,414320
2032,female,59,428914
2032,female,60,444236
2032,female,61,461087
2032,female,62,447879
2032,female,63,456554
2032,female,64,454191
2032,female,65,453696
2032,female,66,451638
2032,female,67,451421
2032,female,68,443145
2032,female,69,429952
2032,female,70,415628
2032,female,71,396125
2032,female,72,376989
2032,female,73,364047
2032,female,74,349714
2032,female,75,331241
2032,female,76,313838
2032,female,77,297724
2032,female,78,292201
2032,female,79,280598
2032,female,80,266319
2032,female,81,260025
2032,female,82,255767
2032,female,83,251479
2032,female,84,254121
2032,female,85,259935
2032,female,86,187526
2032,female,87,168991
2032,female,88,154481
2032,female,89,130766
2032,female,90,104918
2032,female,91,82624
2032,female,92,73877
2032,female,93,61864
2032,female,94,49802
2032,female,95,38076
2032,female,96,28364
2032,female,97,20226
2032,female,98,13443
2032,female,99,8983
2032,female,100,5854
2032,female,101,3558
2032,female,102,2022
2032,female,103,1036
2032,female,104,487
2032,female,105,332
2032,male,0,323315
2032,male,1,326600
2032,male,2,330252
2032,male,3,333348
2032,male,4,336590
2032,male,5,339792
2032,male,6,343275
2032,male,7,343616
2032,male,8,353341
2032,male,9,364157
2032,male,10,383431
2032,male,11,381104
2032,male,12,394338
2032,male,13,402744
2032,male,14,407369
2032,male,15,417025
2032,male,16,429353
2032,male,17,427377
2032,male,18,431076
2032,male,19,445411
2032,male,20,461855
2032,male,21,467400
2032,male,22,464077
2032,male,23,464344
2032,male,24,468310
2032,male,25,453169
2032,male,26,446318
2032,male,27,448992
2032,male,28,445462
2032,male,29,439573
2032,male,30,435381
2032,male,31,439479
2032,male,32,452213
2032,male,33,466175
2032,male,34,470289
2032,male,35,476469
2032,male,36,467497
2032,male,37,467968
2032,male,38,474369
2032,male,39,470753
2032,male,40,479033
2032,male,41,482923
2032,male,42,478212
2032,male,43,471310
2032,male,44,472367
2032,male,45,459553
2032,male,46,457726
2032,male,47,453691
2032,male,48,438253
2032,male,49,436782
2032,male,50,433556
2032,male,51,435708
2032,male,52,436447
2032,male,53,418449
2032,male,54,387578
2032,male,55,379841
2032,male,56,386423
2032,male,57,392152
2032,male,58,394746
2032,male,59,408066
2032,male,60,420539
2032,male,61,432403
2032,male,62,420209
2032,male,63,427735
2032,male,64,424081
2032,male,65,424870
2032,male,66,418136
2032,male,67,417307
2032,male,68,408145
2032,male,69,395422
2032,male,70,381699
2032,male,71,364411
2032,male,72,345070
2032,male,73,330431
2032,male,74,315553
2032,male,75,295083
2032,male,76,277737
2032,male,77,258614
2032,male,78,250099
2032,male,79,237979
2032,male,80,220753
2032,male,81,213605
2032,male,82,205881
2032,male,83,200741
2032,male,84,198468
2032,male,85,199934
2032,male,86,139888
2032,male,87,121987
2032,male,88,108405
2032,male,89,87285
2032,male,90,66723
2032,male,91,49933
2032,male,92,42898
2032,male,93,34640
2032,male,94,26737
2032,male,95,19412
2032,male,96,13504
2032,male,97,9027
2032,male,98,5630
2032,male,99,3473
2032,male,100,2066
2032,male,101,1139
2032,male,102,571
2032,male,103,264
2032,male,104,112
2032,male,105,65
2033,female,0,307076
2033,female,1,309679
2033,female,2,312732
2033,female,3,315089
2033,female,4,317668
2033,female,5,320623
2033,female,6,323595
2033,female,7,326830
2033,female,8,327009
2033,female,9,336451
2033,female,10,345801
2033,female,11,365973
2033,female,12,363587
2033,female,13,377217
2033,female,14,384066
2033,female,15,389433
2033,female,16,398759
2033,female,17,409987
2033,female,18,409828
2033,female,19,417477
2033,female,20,433990
2033,female,21,449009
2033,female,22,452819
2033,female,23,453828
2033,female,24,451078
2033,female,25,452476
2033,female,26,436398
2033,female,27,432480
2033,female,28,435792
2033,female,29,430989
2033,female,30,426319
2033,female,31,429298
2033,female,32,434291
2033,female,33,447748
2033,female,34,470798
2033,female,35,482612
2033,female,36,492425
2033,female,37,483588
2033,female,38,488940
2033,female,39,499716
2033,female,40,499924
2033,female,41,510720
2033,female,42,514858
2033,female,43,512853
2033,female,44,508698
2033,female,45,513664
2033,female,46,501228
2033,female,47,493235
2033,female,48,488409
2033,female,49,471414
2033,female,50,469410
2033,female,51,462812
2033,female,52,464962
2033,female,53,462045
2033,female,54,440000
2033,female,55,406952
2033,female,56,396618
2033,female,57,403513
2033,female,58,408971
2033,female,59,412789
2033,female,60,427160
2033,female,61,442255
2033,female,62,458844
2033,female,63,445520
2033,female,64,453923
2033,female,65,451345
2033,female,66,450602
2033,female,67,448256
2033,female,68,447702
2033,female,69,439127
2033,female,70,425633
2033,female,71,411001
2033,female,72,391239
2033,female,73,371808
2033,female,74,358457
2033,female,75,343711
2033,female,76,324896
2033,female,77,307109
2033,female,78,290538
2033,female,79,284263
2033,female,80,272030
2033,female,81,257163
2033,female,82,249930
2033,female,83,244539
2033,female,84,238964
2033,female,85,239733
2033,female,86,243139
2033,female,87,173663
2033,female,88,154692
2033,female,89,139526
2033,female,90,116286
2033,female,91,91618
2033,female,92,70708
2033,female,93,61868
2033,female,94,50578
2033,female,95,39648
2033,female,96,29425
2033,female,97,21200
2033,female,98,14566
2033,female,99,9296
2033,female,100,5944
2033,female,101,3672
2033,female,102,2087
2033,female,103,1095
2033,female,104,512
2033,female,105,339
2033,male,0,322416
2033,male,1,325481
2033,male,2,328993
2033,male,3,331622
2033,male,4,334447
2033,male,5,337673
2033,male,6,340932
2033,male,7,344451
2033,male,8,344747
2033,male,9,354433
2033,male,10,365285
2033,male,11,384565
2033,male,12,382167
2033,male,13,395386
2033,male,14,404072
2033,male,15,408988
2033,male,16,418791
2033,male,17,431590
2033,male,18,430740
2033,male,19,436855
2033,male,20,452840
2033,male,21,467910
2033,male,22,471656
2033,male,23,468105
2033,male,24,465993
2033,male,25,467989
2033,male,26,454484
2033,male,27,448975
2033,male,28,452064
2033,male,29,448627
2033,male,30,442764
2033,male,31,438547
2033,male,32,442261
2033,male,33,454521
2033,male,34,468334
2033,male,35,472268
2033,male,36,478159
2033,male,37,468912
2033,male,38,469095
2033,male,39,475273
2033,male,40,471423
2033,male,41,479465
2033,male,42,483218
2033,male,43,478423
2033,male,44,471393
2033,male,45,472278
2033,male,46,459368
2033,male,47,457445
2033,male,48,453285
2033,male,49,437724
2033,male,50,436136
2033,male,51,432759
2033,male,52,434709
2033,male,53,435232
2033,male,54,417070
2033,male,55,386099
2033,male,56,378200
2033,male,57,384548
2033,male,58,390015
2033,male,59,392343
2033,male,60,405315
2033,male,61,417445
2033,male,62,428918
2033,male,63,416515
2033,male,64,423626
2033,male,65,419627
2033,male,66,420022
2033,male,67,412963
2033,male,68,411703
2033,male,69,402169
2033,male,70,389079
2033,male,71,375014
2033,male,72,357421
2033,male,73,337778
2033,male,74,322718
2033,male,75,307397
2033,male,76,286646
2033,male,77,268932
2033,male,78,249472
2033,male,79,240233
2033,male,80,227508
2033,male,81,209927
2033,male,82,201919
2033,male,83,193297
2033,male,84,187009
2033,male,85,183199
2033,male,86,182591
2033,male,87,126187
2033,male,88,108496
2033,male,89,94865
2033,male,90,74996
2033,male,91,56165
2033,male,92,41081
2033,male,93,34460
2033,male,94,27104
2033,male,95,20294
2033,male,96,14241
2033,male,97,9535
2033,male,98,6113
2033,male,99,3643
2033,male,100,2139
2033,male,101,1203
2033,male,102,621
2033,male,103,288
2033,male,104,121
2033,male,105,67
2034,female,0,306519
2034,female,1,308823
2034,female,2,311659
2034,female,3,313885
2034,female,4,316019
2034,female,5,318579
2034,female,6,321575
2034,female,7,324589
2034,female,8,327838
2034,female,9,328025
2034,female,10,337493
2034,female,11,346769
2034,female,12,366887
2034,female,13,364585
2034,female,14,378376
2034,female,15,385397
2034,female,16,390925
2034,female,17,400688
2034,female,18,413406
2034,female,19,416811
2034,female,20,426037
2034,female,21,440166
2034,female,22,454481
2034,female,23,459161
2034,female,24,456007
2034,female,25,450622
2034,female,26,454872
2034,female,27,440375
2034,female,28,436739
2034,female,29,439894
2034,female,30,434877
2034,female,31,429991
2034,female,32,432455
2034,female,33,436895
2034,female,34,450184
2034,female,35,473071
2034,female,36,484612
2034,female,37,494150
2034,female,38,485092
2034,female,39,490299
2034,female,40,500912
2034,female,41,500936
2034,female,42,511531
2034,female,43,515509
2034,female,44,513340
2034,female,45,508994
2034,female,46,513782
2034,female,47,501206
2034,female,48,493060
2034,female,49,488098
2034,female,50,470979
2034,female,51,468784
2034,female,52,462018
2034,female,53,464019
2034,female,54,460955
2034,female,55,438856
2034,female,56,405809
2034,female,57,395373
2034,female,58,402155
2034,female,59,407480
2034,female,60,411128
2034,female,61,425283
2034,female,62,440135
2034,female,63,456442
2034,female,64,442979
2034,female,65,451103
2034,female,66,448291
2034,female,67,447258
2034,female,68,444602
2034,female,69,443682
2034,female,70,434762
2034,female,71,420950
2034,female,72,406001
2034,female,73,385942
2034,female,74,366191
2034,female,75,352403
2034,female,76,337224
2034,female,77,318027
2034,female,78,299790
2034,female,79,282736
2034,female,80,275681
2034,female,81,262769
2034,female,82,247273
2034,female,83,239043
2034,female,84,232470
2034,female,85,225561
2034,female,86,224426
2034,female,87,225404
2034,female,88,159172
2034,female,89,139919
2034,female,90,124279
2034,female,91,101718
2034,female,92,78540
2034,female,93,59313
2034,female,94,50662
2034,female,95,40327
2034,female,96,30690
2034,female,97,22040
2034,female,98,15310
2034,female,99,10107
2034,female,100,6174
2034,female,101,3743
2034,female,102,2163
2034,female,103,1135
2034,female,104,544
2034,female,105,353
2034,male,0,321837
2034,male,1,324586
2034,male,2,327874
2034,male,3,330366
2034,male,4,332721
2034,male,5,335531
2034,male,6,338813
2034,male,7,342110
2034,male,8,345583
2034,male,9,345841
2034,male,10,355562
2034,male,11,366419
2034,male,12,385628
2034,male,13,383216
2034,male,14,396715
2034,male,15,405692
2034,male,16,410757
2034,male,17,421033
2034,male,18,434954
2034,male,19,436522
2034,male,20,444291
2034,male,21,458901
2034,male,22,472169
2034,male,23,475685
2034,male,24,469755
2034,male,25,465676
2034,male,26,469299
2034,male,27,457138
2034,male,28,452047
2034,male,29,455227
2034,male,30,451813
2034,male,31,445927
2034,male,32,441331
2034,male,33,444581
2034,male,34,456691
2034,male,35,470319
2034,male,36,473966
2034,male,37,479570
2034,male,38,470045
2034,male,39,470014
2034,male,40,475949
2034,male,41,471877
2034,male,42,479780
2034,male,43,483435
2034,male,44,478511
2034,male,45,471322
2034,male,46,472082
2034,male,47,459100
2034,male,48,457049
2034,male,49,452742
2034,male,50,437101
2034,male,51,435357
2034,male,52,431793
2034,male,53,433523
2034,male,54,433812
2034,male,55,415489
2034,male,56,384467
2034,male,57,376416
2034,male,58,382502
2034,male,59,387691
2034,male,60,389748
2034,male,61,402378
2034,male,62,414120
2034,male,63,425176
2034,male,64,412555
2034,male,65,419217
2034,male,66,414879
2034,male,67,414857
2034,male,68,407454
2034,male,69,405712
2034,male,70,395768
2034,male,71,382325
2034,male,72,367888
2034,male,73,349947
2034,male,74,329981
2034,male,75,314479
2034,male,76,298724
2034,male,77,277686
2034,male,78,259560
2034,male,79,239763
2034,male,80,229783
2034,male,81,216438
2034,male,82,198496
2034,male,83,189613
2034,male,84,180123
2034,male,85,172703
2034,male,86,167440
2034,male,87,164912
2034,male,88,112411
2034,male,89,95138
2034,male,90,81691
2034,male,91,63271
2034,male,92,46300
2034,male,93,33050
2034,male,94,26993
2034,male,95,20588
2034,male,96,14905
2034,male,97,10077
2034,male,98,6476
2034,male,99,3968
2034,male,100,2251
2034,male,101,1249
2034,male,102,657
2034,male,103,312
2034,male,104,132
2034,male,105,71
2035,female,0,306420
2035,female,1,308269
2035,female,2,310804
2035,female,3,312814
2035,female,4,314817
2035,female,5,316929
2035,female,6,319531
2035,female,7,322570
2035,female,8,325597
2035,female,9,328855
2035,female,10,329066
2035,female,11,338461
2035,female,12,347683
2035,female,13,367884
2035,female,14,365746
2035,female,15,379709
2035,female,16,386890
2035,female,17,392855
2035,female,18,404108
2035,female,19,420390
2035,female,20,425372
2035,female,21,432216
2035,female,22,445640
2035,female,23,460824
2035,female,24,461341
2035,female,25,455551
2035,female,26,453020
2035,female,27,458845
2035,female,28,444634
2035,female,29,440842
2035,female,30,443781
2035,female,31,438547
2035,female,32,433149
2035,female,33,435062
2035,female,34,439338
2035,female,35,452469
2035,female,36,475079
2035,female,37,486344
2035,female,38,495649
2035,female,39,486456
2035,female,40,491506
2035,female,41,501929
2035,female,42,501760
2035,female,43,512193
2035,female,44,516001
2035,female,45,513639
2035,female,46,509129
2035,female,47,513752
2035,female,48,501032
2035,female,49,492754
2035,female,50,487641
2035,female,51,470362
2035,female,52,467988
2035,female,53,461095
2035,female,54,462933
2035,female,55,459763
2035,female,56,437625
2035,female,57,404548
2035,female,58,394065
2035,female,59,400709
2035,female,60,405862
2035,female,61,409349
2035,female,62,423274
2035,female,63,437863
2035,female,64,453857
2035,female,65,440257
2035,female,66,448080
2035,female,67,444992
2035,female,68,443645
2035,female,69,440653
2035,female,70,439319
2035,female,71,430030
2035,female,72,415888
2035,female,73,400578
2035,female,74,380197
2035,female,75,360103
2035,female,76,345855
2035,female,77,330195
2035,female,78,310550
2035,female,79,291838
2035,female,80,274296
2035,female,81,266401
2035,female,82,252761
2035,female,83,236599
2035,female,84,227335
2035,female,85,219539
2035,female,86,211288
2035,female,87,208241
2035,female,88,206832
2035,female,89,144168
2035,female,90,124823
2035,female,91,108896
2035,female,92,87351
2035,female,93,66002
2035,female,94,48654
2035,female,95,40461
2035,female,96,31265
2035,female,97,23027
2035,female,98,15951
2035,female,99,10653
2035,female,100,6736
2035,female,101,3904
2035,female,102,2212
2035,female,103,1181
2035,female,104,565
2035,female,105,375
2035,male,0,321733
2035,male,1,324010
2035,male,2,326980
2035,male,3,329247
2035,male,4,331465
2035,male,5,333804
2035,male,6,336670
2035,male,7,339991
2035,male,8,343242
2035,male,9,346678
2035,male,10,346971
2035,male,11,356697
2035,male,12,367484
2035,male,13,386677
2035,male,14,384547
2035,male,15,398336
2035,male,16,407464
2035,male,17,413002
2035,male,18,424403
2035,male,19,440738
2035,male,20,443962
2035,male,21,450358
2035,male,22,463167
2035,male,23,476201
2035,male,24,477334
2035,male,25,469438
2035,male,26,466991
2035,male,27,471947
2035,male,28,460208
2035,male,29,455211
2035,male,30,458411
2035,male,31,454969
2035,male,32,448708
2035,male,33,443652
2035,male,34,446763
2035,male,35,458686
2035,male,36,472022
2035,male,37,475385
2035,male,38,480699
2035,male,39,470972
2035,male,40,470706
2035,male,41,476410
2035,male,42,472216
2035,male,43,480020
2035,male,44,483530
2035,male,45,478443
2035,male,46,471146
2035,male,47,471802
2035,male,48,458717
2035,male,49,456518
2035,male,50,452101
2035,male,51,436345
2035,male,52,434409
2035,male,53,430640
2035,male,54,432132
2035,male,55,432188
2035,male,56,413747
2035,male,57,382688
2035,male,58,374463
2035,male,59,380273
2035,male,60,385179
2035,male,61,386977
2035,male,62,399219
2035,male,63,410552
2035,male,64,421169
2035,male,65,408306
2035,male,66,414516
2035,male,67,409820
2035,male,68,409360
2035,male,69,401568
2035,male,70,399297
2035,male,71,388951
2035,male,72,375127
2035,male,73,360269
2035,male,74,341954
2035,male,75,321649
2035,male,76,305712
2035,male,77,289504
2035,male,78,268141
2035,male,79,249596
2035,male,80,229466
2035,male,81,218726
2035,male,82,204744
2035,male,83,186458
2035,male,84,176731
2035,male,85,166397
2035,male,86,157930
2035,male,87,151359
2035,male,88,147104
2035,male,89,98738
2035,male,90,82099
2035,male,91,69079
2035,male,92,52280
2035,male,93,37328
2035,male,94,25931
2035,male,95,20527
2035,male,96,15135
2035,male,97,10561
2035,male,98,6859
2035,male,99,4217
2035,male,100,2460
2035,male,101,1320
2035,male,102,683
2035,male,103,333
2035,male,104,144
2035,male,105,79
2036,female,0,306818
2036,female,1,308173
2036,female,2,310251
2036,female,3,311958
2036,female,4,313746
2036,female,5,315727
2036,female,6,317882
2036,female,7,320527
2036,female,8,323578
2036,female,9,326613
2036,female,10,329897
2036,female,11,330035
2036,female,12,339375
2036,female,13,348681
2036,female,14,369045
2036,female,15,367080
2036,female,16,381204
2036,female,17,388821
2036,female,18,396277
2036,female,19,411095
2036,female,20,428951
2036,female,21,431552
2036,female,22,437693
2036,female,23,451987
2036,female,24,463004
2036,female,25,460886
2036,female,26,457948
2036,female,27,456995
2036,female,28,463099
2036,female,29,448736
2036,female,30,444729
2036,female,31,447450
2036,female,32,441702
2036,female,33,435757
2036,female,34,437509
2036,female,35,441629
2036,female,36,454489
2036,female,37,476818
2036,female,38,487851
2036,female,39,497011
2036,female,40,487670
2036,female,41,492536
2036,female,42,502759
2036,female,43,502439
2036,female,44,512696
2036,female,45,516306
2036,female,46,513779
2036,female,47,509118
2036,female,48,513571
2036,female,49,500726
2036,female,50,492303
2036,female,51,487002
2036,female,52,469575
2036,female,53,467062
2036,female,54,460028
2036,female,55,461746
2036,female,56,458478
2036,female,57,436269
2036,female,58,403221
2036,female,59,392672
2036,female,60,399140
2036,female,61,404130
2036,female,62,407446
2036,female,63,421121
2036,female,64,435417
2036,female,65,451089
2036,female,66,437339
2036,female,67,444815
2036,female,68,441427
2036,female,69,439739
2036,female,70,436364
2036,female,71,434588
2036,female,72,424915
2036,female,73,410398
2036,female,74,394693
2036,female,75,373965
2036,female,76,353511
2036,female,77,338754
2036,female,78,322538
2036,female,79,302420
2036,female,80,283229
2036,female,81,265162
2036,female,82,256364
2036,female,83,241955
2036,female,84,225116
2036,female,85,214787
2036,female,86,205764
2036,female,87,196184
2036,female,88,191268
2036,female,89,187568
2036,female,90,128803
2036,female,91,109555
2036,female,92,93687
2036,female,93,73544
2036,female,94,54244
2036,female,95,38928
2036,female,96,31424
2036,female,97,23497
2036,female,98,16696
2036,female,99,11123
2036,female,100,7120
2036,female,101,4272
2036,female,102,2315
2036,female,103,1211
2036,female,104,590
2036,female,105,394
2036,male,0,322151
2036,male,1,323910
2036,male,2,326405
2036,male,3,328353
2036,male,4,330346
2036,male,5,332549
2036,male,6,334946
2036,male,7,337849
2036,male,8,341124
2036,male,9,344336
2036,male,10,347810
2036,male,11,348106
2036,male,12,357763
2036,male,13,368535
2036,male,14,388008
2036,male,15,386170
2036,male,16,400110
2036,male,17,409710
2036,male,18,416378
2036,male,19,430193
2036,male,20,448180
2036,male,21,450033
2036,male,22,454631
2036,male,23,467205
2036,male,24,477853
2036,male,25,477017
2036,male,26,470753
2036,male,27,469643
2036,male,28,475012
2036,male,29,463369
2036,male,30,458398
2036,male,31,461565
2036,male,32,457745
2036,male,33,451027
2036,male,34,445837
2036,male,35,448768
2036,male,36,460402
2036,male,37,473446
2036,male,38,476524
2036,male,39,481620
2036,male,40,471671
2036,male,41,471185
2036,male,42,476755
2036,male,43,472480
2036,male,44,480138
2036,male,45,483471
2036,male,46,478270
2036,male,47,470887
2036,male,48,471406
2036,male,49,458198
2036,male,50,455887
2036,male,51,451326
2036,male,52,435421
2036,male,53,433276
2036,male,54,429287
2036,male,55,430540
2036,male,56,430398
2036,male,57,411850
2036,male,58,380741
2036,male,59,372333
2036,male,60,377861
2036,male,61,382493
2036,male,62,383994
2036,male,63,395828
2036,male,64,406727
2036,male,65,416870
2036,male,66,403775
2036,male,67,409509
2036,male,68,404437
2036,male,69,403487
2036,male,70,395267
2036,male,71,392468
2036,male,72,381688
2036,male,73,367428
2036,male,74,352120
2036,male,75,333411
2036,male,76,312781
2036,male,77,296387
2036,male,78,279676
2036,male,79,257981
2036,male,80,239017
2036,male,81,218559
2036,male,82,207034
2036,male,83,192423
2036,male,84,173857
2036,male,85,163313
2036,male,86,152223
2036,male,87,142848
2036,male,88,135143
2036,male,89,129392
2036,male,90,85360
2036,male,91,69577
2036,male,92,57215
2036,male,93,42251
2036,male,94,29351
2036,male,95,19753
2036,male,96,15109
2036,male,97,10734
2036,male,98,7197
2036,male,99,4476
2036,male,100,2622
2036,male,101,1446
2036,male,102,726
2036,male,103,347
2036,male,104,154
2036,male,105,87
2037,female,0,307605
2037,female,1,308572
2037,female,2,310155
2037,female,3,311405
2037,female,4,312890
2037,female,5,314658
2037,female,6,316682
2037,female,7,318879
2037,female,8,321536
2037,female,9,324595
2037,female,10,327656
2037,female,11,330867
2037,female,12,330951
2037,female,13,340374
2037,female,14,349843
2037,female,15,370379
2037,female,16,368578
2037,female,17,383136
2037,female,18,392245
2037,female,19,403265
2037,female,20,419658
2037,female,21,435131
2037,female,22,437029
2037,female,23,444042
2037,female,24,454170
2037,female,25,462550
2037,female,26,463283
2037,female,27,461924
2037,female,28,461250
2037,female,29,467198
2037,female,30,452623
2037,female,31,448400
2037,female,32,450603
2037,female,33,444308
2037,female,34,438205
2037,female,35,439804
2037,female,36,443655
2037,female,37,456241
2037,female,38,478335
2037,female,39,489220
2037,female,40,498222
2037,female,41,488708
2037,female,42,493380
2037,female,43,503443
2037,female,44,502959
2037,female,45,513012
2037,female,46,516452
2037,female,47,513770
2037,female,48,508955
2037,female,49,513255
2037,female,50,500275
2037,female,51,491669
2037,female,52,486192
2037,female,53,468660
2037,female,54,465995
2037,female,55,458861
2037,female,56,460467
2037,female,57,457064
2037,female,58,434841
2037,female,59,401808
2037,female,60,391159
2037,female,61,397460
2037,female,62,402276
2037,female,63,405405
2037,female,64,418804
2037,female,65,432799
2037,female,66,448121
2037,female,67,434187
2037,female,68,441285
2037,female,69,437578
2037,female,70,435500
2037,female,71,431715
2037,female,72,429474
2037,female,73,419369
2037,female,74,404437
2037,female,75,388308
2037,female,76,367215
2037,female,77,346357
2037,female,78,331012
2037,female,79,314209
2037,female,80,293615
2037,female,81,273909
2037,female,82,255280
2037,female,83,245521
2037,female,84,230323
2037,female,85,212802
2037,female,86,201415
2037,female,87,191177
2037,female,88,180335
2037,female,89,173638
2037,female,90,167805
2037,female,91,113228
2037,female,92,94420
2037,female,93,79029
2037,female,94,60560
2037,female,95,43485
2037,female,96,30290
2037,female,97,23658
2037,female,98,17067
2037,female,99,11663
2037,female,100,7451
2037,female,101,4526
2037,female,102,2539
2037,female,103,1271
2037,female,104,606
2037,female,105,412
2037,male,0,322985
2037,male,1,324330
2037,male,2,326306
2037,male,3,327780
2037,male,4,329454
2037,male,5,331430
2037,male,6,333691
2037,male,7,336126
2037,male,8,338983
2037,male,9,342220
2037,male,10,345467
2037,male,11,348948
2037,male,12,349173
2037,male,13,358815
2037,male,14,369867
2037,male,15,389631
2037,male,16,387946
2037,male,17,402360
2037,male,18,413088
2037,male,19,422174
2037,male,20,437642
2037,male,21,454254
2037,male,22,454309
2037,male,23,458677
2037,male,24,468864
2037,male,25,477538
2037,male,26,478329
2037,male,27,473406
2037,male,28,472711
2037,male,29,478167
2037,male,30,466553
2037,male,31,461553
2037,male,32,464339
2037,male,33,460060
2037,male,34,453209
2037,male,35,447848
2037,male,36,450495
2037,male,37,461839
2037,male,38,474590
2037,male,39,477455
2037,male,40,482314
2037,male,41,472156
2037,male,42,471547
2037,male,43,477025
2037,male,44,472623
2037,male,45,480102
2037,male,46,483306
2037,male,47,478015
2037,male,48,470512
2037,male,49,470874
2037,male,50,457584
2037,male,51,455122
2037,male,52,450379
2037,male,53,434312
2037,male,54,431940
2037,male,55,427732
2037,male,56,428783
2037,male,57,428449
2037,male,58,409770
2037,male,59,378614
2037,male,60,370024
2037,male,61,375279
2037,male,62,379599
2037,male,63,380788
2037,male,64,392191
2037,male,65,402623
2037,male,66,412287
2037,male,67,398950
2037,male,68,404182
2037,male,69,398689
2037,male,70,397203
2037,male,71,388563
2037,male,72,385193
2037,male,73,373920
2037,male,74,359194
2037,male,75,343407
2037,male,76,324312
2037,male,77,303342
2037,male,78,286438
2037,male,79,269204
2037,male,80,247182
2037,male,81,227796
2037,male,82,207014
2037,male,83,194704
2037,male,84,179520
2037,male,85,160729
2037,male,86,149459
2037,male,87,137752
2037,male,88,127632
2037,male,89,118995
2037,male,90,112032
2037,male,91,72478
2037,male,92,57757
2037,male,93,46354
2037,male,94,33306
2037,male,95,22410
2037,male,96,14565
2037,male,97,10729
2037,male,98,7322
2037,male,99,4703
2037,male,100,2789
2037,male,101,1545
2037,male,102,797
2037,male,103,370
2037,male,104,161
2037,male,105,94
2038,female,0,308732
2038,female,1,309362
2038,female,2,310555
2038,female,3,311310
2038,female,4,312339
2038,female,5,313801
2038,female,6,315613
2038,female,7,317679
2038,female,8,319888
2038,female,9,322553
2038,female,10,325638
2038,female,11,328626
2038,female,12,331785
2038,female,13,331950
2038,female,14,341536
2038,female,15,351178
2038,female,16,371876
2038,female,17,370513
2038,female,18,386562
2038,female,19,399235
2038,female,20,411832
2038,female,21,425841
2038,female,22,440610
2038,female,23,443378
2038,female,24,446228
2038,female,25,453718
2038,female,26,464949
2038,female,27,467259
2038,female,28,466180
2038,female,29,465351
2038,female,30,471081
2038,female,31,456293
2038,female,32,451555
2038,female,33,453208
2038,female,34,446754
2038,female,35,440501
2038,female,36,441836
2038,female,37,445416
2038,female,38,457771
2038,female,39,479713
2038,female,40,490439
2038,female,41,499255
2038,female,42,489561
2038,female,43,494079
2038,female,44,503970
2038,female,45,503296
2038,female,46,513169
2038,female,47,516449
2038,female,48,513613
2038,female,49,508660
2038,female,50,512793
2038,female,51,499640
2038,female,52,490865
2038,female,53,485252
2038,female,54,467605
2038,female,55,464827
2038,female,56,457607
2038,female,57,459060
2038,female,58,455574
2038,female,59,433319
2038,female,60,400274
2038,female,61,389540
2038,female,62,395662
2038,female,63,400289
2038,female,64,403209
2038,female,65,416322
2038,female,66,429992
2038,female,67,444919
2038,female,68,430781
2038,female,69,437475
2038,female,70,433401
2038,female,71,430907
2038,female,72,426689
2038,female,73,423925
2038,female,74,413345
2038,female,75,397968
2038,female,76,381386
2038,female,77,359883
2038,female,78,338551
2038,female,79,322584
2038,female,80,305177
2038,female,81,284073
2038,female,82,263818
2038,female,83,244597
2038,female,84,233844
2038,female,85,217846
2038,female,86,199673
2038,female,87,187248
2038,female,88,175857
2038,female,89,163856
2038,female,90,155525
2038,female,91,147727
2038,female,92,97749
2038,female,93,79793
2038,female,94,65208
2038,female,95,48647
2038,female,96,33905
2038,female,97,22851
2038,female,98,17215
2038,female,99,11944
2038,female,100,7827
2038,female,101,4747
2038,female,102,2696
2038,female,103,1396
2038,female,104,637
2038,female,105,425
2038,male,0,324167
2038,male,1,325165
2038,male,2,326726
2038,male,3,327681
2038,male,4,328880
2038,male,5,330538
2038,male,6,332572
2038,male,7,334870
2038,male,8,337260
2038,male,9,340078
2038,male,10,343352
2038,male,11,346604
2038,male,12,350016
2038,male,13,350225
2038,male,14,360150
2038,male,15,371492
2038,male,16,391406
2038,male,17,390198
2038,male,18,405740
2038,male,19,418886
2038,male,20,429625
2038,male,21,443722
2038,male,22,458531
2038,male,23,458360
2038,male,24,460345
2038,male,25,468558
2038,male,26,478854
2038,male,27,480981
2038,male,28,476475
2038,male,29,475869
2038,male,30,481343
2038,male,31,469707
2038,male,32,464329
2038,male,33,466651
2038,male,34,462237
2038,male,35,455216
2038,male,36,449580
2038,male,37,451945
2038,male,38,462998
2038,male,39,475528
2038,male,40,478160
2038,male,41,482794
2038,male,42,472528
2038,male,43,471835
2038,male,44,477174
2038,male,45,472613
2038,male,46,479962
2038,male,47,483057
2038,male,48,477643
2038,male,49,470002
2038,male,50,470244
2038,male,51,456833
2038,male,52,454187
2038,male,53,449244
2038,male,54,433000
2038,male,55,430404
2038,male,56,426016
2038,male,57,426868
2038,male,58,426313
2038,male,59,407500
2038,male,60,376306
2038,male,61,367550
2038,male,62,372494
2038,male,63,376484
2038,male,64,377347
2038,male,65,388286
2038,male,66,398247
2038,male,67,407406
2038,male,68,393815
2038,male,69,398492
2038,male,70,392537
2038,male,71,390519
2038,male,72,381422
2038,male,73,377416
2038,male,74,365613
2038,male,75,350389
2038,male,76,334126
2038,male,77,314626
2038,male,78,293266
2038,male,79,275831
2038,male,80,258065
2038,male,81,235717
2038,male,82,215907
2038,male,83,194824
2038,male,84,181780
2038,male,85,166071
2038,male,86,147174
2038,male,87,135317
2038,male,88,123152
2038,male,89,112475
2038,male,90,103152
2038,male,91,95282
2038,male,92,60286
2038,male,93,46903
2038,male,94,36633
2038,male,95,25494
2038,male,96,16563
2038,male,97,10361
2038,male,98,7329
2038,male,99,4790
2038,male,100,2934
2038,male,101,1646
2038,male,102,853
2038,male,103,405
2038,male,104,172
2038,male,105,98
2039,female,0,310068
2039,female,1,310489
2039,female,2,311345
2039,female,3,311710
2039,female,4,312243
2039,female,5,313251
2039,female,6,314756
2039,female,7,316610
2039,female,8,318689
2039,female,9,320906
2039,female,10,323597
2039,female,11,326609
2039,female,12,329544
2039,female,13,332784
2039,female,14,333114
2039,female,15,342872
2039,female,16,352677
2039,female,17,373812
2039,female,18,373940
2039,female,19,393554
2039,female,20,407802
2039,female,21,418016
2039,female,22,431322
2039,female,23,446960
2039,female,24,445566
2039,female,25,445779
2039,female,26,456119
2039,female,27,468925
2039,female,28,471514
2039,female,29,470281
2039,female,30,469235
2039,female,31,474745
2039,female,32,459448
2039,female,33,454161
2039,female,34,455652
2039,female,35,449048
2039,female,36,442534
2039,female,37,443601
2039,female,38,446956
2039,female,39,459166
2039,female,40,480943
2039,female,41,491481
2039,female,42,500102
2039,female,43,490269
2039,female,44,494621
2039,female,45,504312
2039,female,46,503475
2039,female,47,513179
2039,female,48,516296
2039,female,49,513323
2039,female,50,508221
2039,female,51,512146
2039,female,52,498835
2039,female,53,489930
2039,female,54,484166
2039,female,55,466450
2039,female,56,463570
2039,female,57,456225
2039,female,58,457576
2039,female,59,453989
2039,female,60,431669
2039,female,61,398633
2039,female,62,387807
2039,female,63,393736
2039,female,64,398149
2039,female,65,400856
2039,female,66,413661
2039,female,67,426962
2039,female,68,441462
2039,female,69,427103
2039,female,70,433340
2039,female,71,428874
2039,female,72,425942
2039,female,73,421238
2039,female,74,417900
2039,female,75,406806
2039,female,76,390953
2039,female,77,373863
2039,female,78,351879
2039,female,79,330044
2039,female,80,313437
2039,female,81,295382
2039,female,82,273733
2039,female,83,252903
2039,female,84,233083
2039,female,85,221306
2039,female,86,204532
2039,female,87,185754
2039,female,88,172362
2039,female,89,159921
2039,female,90,146909
2039,female,91,137093
2039,female,92,127728
2039,female,93,82753
2039,female,94,65965
2039,female,95,52492
2039,female,96,38010
2039,female,97,25632
2039,female,98,16661
2039,female,99,12071
2039,female,100,8031
2039,female,101,4995
2039,female,102,2832
2039,female,103,1485
2039,female,104,701
2039,female,105,446
2039,male,0,325571
2039,male,1,326350
2039,male,2,327562
2039,male,3,328101
2039,male,4,328782
2039,male,5,329965
2039,male,6,331682
2039,male,7,333752
2039,male,8,336004
2039,male,9,338356
2039,male,10,341210
2039,male,11,344490
2039,male,12,347672
2039,male,13,351069
2039,male,14,351562
2039,male,15,361777
2039,male,16,373271
2039,male,17,393660
2039,male,18,393584
2039,male,19,411542
2039,male,20,426341
2039,male,21,435711
2039,male,22,448005
2039,male,23,462582
2039,male,24,460031
2039,male,25,460046
2039,male,26,469882
2039,male,27,481509
2039,male,28,484049
2039,male,29,479635
2039,male,30,479050
2039,male,31,484489
2039,male,32,472480
2039,male,33,466643
2039,male,34,468825
2039,male,35,464241
2039,male,36,456943
2039,male,37,451034
2039,male,38,453116
2039,male,39,463952
2039,male,40,476238
2039,male,41,478652
2039,male,42,483160
2039,male,43,472825
2039,male,44,472004
2039,male,45,477171
2039,male,46,472501
2039,male,47,479735
2039,male,48,482692
2039,male,49,477135
2039,male,50,469394
2039,male,51,469478
2039,male,52,455913
2039,male,53,453062
2039,male,54,447905
2039,male,55,431491
2039,male,56,428705
2039,male,57,424142
2039,male,58,424769
2039,male,59,423981
2039,male,60,405036
2039,male,61,373830
2039,male,62,364877
2039,male,63,369492
2039,male,64,373138
2039,male,65,373648
2039,male,66,384122
2039,male,67,393587
2039,male,68,402211
2039,male,69,388331
2039,male,70,392402
2039,male,71,385993
2039,male,72,383404
2039,male,73,373789
2039,male,74,369102
2039,male,75,356732
2039,male,76,341010
2039,male,77,324241
2039,male,78,304283
2039,male,79,282520
2039,male,80,264542
2039,male,81,246228
2039,male,82,223554
2039,male,83,203339
2039,male,84,182031
2039,male,85,168297
2039,male,86,152177
2039,male,87,133334
2039,male,88,121050
2039,male,89,108607
2039,male,90,97596
2039,male,91,87843
2039,male,92,79391
2039,male,93,49060
2039,male,94,37157
2039,male,95,28115
2039,male,96,18892
2039,male,97,11812
2039,male,98,7091
2039,male,99,4801
2039,male,100,2993
2039,male,101,1734
2039,male,102,910
2039,male,103,435
2039,male,104,189
2039,male,105,105
2040,female,0,311501
2040,female,1,311826
2040,female,2,312473
2040,female,3,312501
2040,female,4,312643
2040,female,5,313154
2040,female,6,314207
2040,female,7,315755
2040,female,8,317620
2040,female,9,319707
2040,female,10,321950
2040,female,11,324568
2040,female,12,327527
2040,female,13,330545
2040,female,14,333948
2040,female,15,334453
2040,female,16,344373
2040,female,17,354615
2040,female,18,377241
2040,female,19,380934
2040,female,20,402123
2040,female,21,413989
2040,female,22,423498
2040,female,23,437674
2040,female,24,449147
2040,female,25,445118
2040,female,26,448183
2040,female,27,460098
2040,female,28,473183
2040,female,29,475615
2040,female,30,474166
2040,female,31,472901
2040,female,32,477896
2040,female,33,462052
2040,female,34,456605
2040,female,35,457943
2040,female,36,451079
2040,female,37,444301
2040,female,38,445144
2040,female,39,448361
2040,female,40,460413
2040,female,41,481997
2040,female,42,492339
2040,female,43,500806
2040,female,44,490821
2040,female,45,494982
2040,female,46,504497
2040,female,47,503509
2040,female,48,513041
2040,female,49,516011
2040,female,50,512886
2040,female,51,507598
2040,female,52,511326
2040,female,53,497897
2040,female,54,488851
2040,female,55,482980
2040,female,56,465205
2040,female,57,462187
2040,female,58,454770
2040,female,59,455999
2040,female,60,452270
2040,female,61,429903
2040,female,62,396875
2040,female,63,385948
2040,female,64,391660
2040,female,65,395857
2040,female,66,398335
2040,female,67,410786
2040,female,68,423688
2040,female,69,437728
2040,female,70,423113
2040,female,71,428861
2040,female,72,423981
2040,female,73,420554
2040,female,74,415318
2040,female,75,411359
2040,female,76,399712
2040,female,77,383327
2040,female,78,365648
2040,female,79,343151
2040,female,80,320805
2040,female,81,303509
2040,female,82,284760
2040,female,83,262542
2040,female,84,241131
2040,female,85,220716
2040,female,86,207919
2040,female,87,190409
2040,female,88,171120
2040,female,89,156869
2040,female,90,143520
2040,female,91,129644
2040,female,92,118700
2040,female,93,108310
2040,female,94,68539
2040,female,95,53207
2040,female,96,41105
2040,female,97,28798
2040,female,98,18730
2040,female,99,11708
2040,female,100,8132
2040,female,101,5135
2040,female,102,2986
2040,female,103,1563
2040,female,104,747
2040,female,105,483
2040,male,0,327076
2040,male,1,327755
2040,male,2,328747
2040,male,3,328938
2040,male,4,329202
2040,male,5,329868
2040,male,6,331110
2040,male,7,332863
2040,male,8,334887
2040,male,9,337101
2040,male,10,339489
2040,male,11,342349
2040,male,12,345558
2040,male,13,348725
2040,male,14,352406
2040,male,15,353191
2040,male,16,363558
2040,male,17,375529
2040,male,18,397045
2040,male,19,399390
2040,male,20,419002
2040,male,21,432431
2040,male,22,440001
2040,male,23,452063
2040,male,24,464254
2040,male,25,459735
2040,male,26,461377
2040,male,27,472545
2040,male,28,484579
2040,male,29,487207
2040,male,30,482817
2040,male,31,482203
2040,male,32,487256
2040,male,33,474790
2040,male,34,468819
2040,male,35,470826
2040,male,36,465965
2040,male,37,458396
2040,male,38,452212
2040,male,39,454085
2040,male,40,464681
2040,male,41,476738
2040,male,42,479030
2040,male,43,483450
2040,male,44,473002
2040,male,45,472021
2040,male,46,477064
2040,male,47,472305
2040,male,48,479395
2040,male,49,482191
2040,male,50,476529
2040,male,51,468650
2040,male,52,468538
2040,male,53,454804
2040,male,54,451733
2040,male,55,446363
2040,male,56,429817
2040,male,57,426850
2040,male,58,422088
2040,male,59,422474
2040,male,60,421447
2040,male,61,402391
2040,male,62,371152
2040,male,63,361991
2040,male,64,366262
2040,male,65,369537
2040,male,66,369699
2040,male,67,379684
2040,male,68,388629
2040,male,69,396664
2040,male,70,382461
2040,male,71,385928
2040,male,72,379027
2040,male,73,375799
2040,male,74,365629
2040,male,75,360213
2040,male,76,347269
2040,male,77,331018
2040,male,78,313685
2040,male,79,293248
2040,male,80,271076
2040,male,81,252537
2040,male,82,233664
2040,male,83,210688
2040,male,84,190136
2040,male,85,168672
2040,male,86,154352
2040,male,87,137982
2040,male,88,119367
2040,male,89,106834
2040,male,90,94322
2040,male,91,83206
2040,male,92,73296
2040,male,93,64727
2040,male,94,38951
2040,male,95,28588
2040,male,96,20890
2040,male,97,13507
2040,male,98,8103
2040,male,99,4654
2040,male,100,3004
2040,male,101,1770
2040,male,102,959
2040,male,103,466
2040,male,104,203
2040,male,105,116
2041,female,0,312907
2041,female,1,313261
2041,female,2,313810
2041,female,3,313629
2041,female,4,313433
2041,female,5,313555
2041,female,6,314110
2041,female,7,315205
2041,female,8,316765
2041,female,9,318638
2041,female,10,320750
2041,female,11,322922
2041,female,12,325486
2041,female,13,328528
2041,female,14,331708
2041,female,15,335286
2041,female,16,335954
2041,female,17,346312
2041,female,18,358047
2041,female,19,384236
2041,female,20,389505
2041,female,21,408312
2041,female,22,419472
2041,female,23,429853
2041,female,24,439864
2041,female,25,448700
2041,female,26,447522
2041,female,27,452164
2041,female,28,464358
2041,female,29,477284
2041,female,30,479499
2041,female,31,477834
2041,female,32,476054
2041,female,33,480496
2041,female,34,464495
2041,female,35,458900
2041,female,36,459972
2041,female,37,452844
2041,female,38,445848
2041,female,39,446554
2041,female,40,449620
2041,female,41,461485
2041,female,42,482868
2041,female,43,493053
2041,female,44,501353
2041,female,45,491191
2041,female,46,495187
2041,female,47,504538
2041,female,48,503396
2041,female,49,512771
2041,female,50,515582
2041,female,51,512265
2041,female,52,506802
2041,female,53,510373
2041,female,54,496815
2041,female,55,487671
2041,female,56,481703
2041,female,57,463834
2041,female,58,460730
2041,female,59,453221
2041,female,60,454290
2041,female,61,450430
2041,female,62,428013
2041,female,63,394990
2041,female,64,383946
2041,female,65,389435
2041,female,66,393399
2041,female,67,395608
2041,female,68,407680
2041,female,69,420153
2041,female,70,433676
2041,female,71,418788
2041,female,72,424019
2041,female,73,418674
2041,female,74,414705
2041,female,75,408891
2041,female,76,404263
2041,female,77,392000
2041,female,78,374996
2041,female,79,356686
2041,female,80,333665
2041,female,81,310769
2041,female,82,292731
2041,female,83,273254
2041,female,84,250461
2041,female,85,228473
2041,female,86,207500
2041,female,87,193708
2041,female,88,175550
2041,female,89,155877
2041,female,90,140913
2041,female,91,126792
2041,female,92,112387
2041,female,93,100806
2041,female,94,89862
2041,female,95,55391
2041,female,96,41750
2041,female,97,31214
2041,female,98,21093
2041,female,99,13191
2041,female,100,7905
2041,female,101,5210
2041,female,102,3076
2041,female,103,1651
2041,female,104,787
2041,female,105,521
2041,male,0,328555
2041,male,1,329261
2041,male,2,330154
2041,male,3,330122
2041,male,4,330039
2041,male,5,330288
2041,male,6,331012
2041,male,7,332291
2041,male,8,333998
2041,male,9,335984
2041,male,10,338234
2041,male,11,340629
2041,male,12,343418
2041,male,13,346611
2041,male,14,350062
2041,male,15,354036
2041,male,16,354973
2041,male,17,365819
2041,male,18,378922
2041,male,19,402853
2041,male,20,406857
2041,male,21,425096
2041,male,22,436724
2041,male,23,444066
2041,male,24,453743
2041,male,25,463958
2041,male,26,461071
2041,male,27,464048
2041,male,28,475624
2041,male,29,487741
2041,male,30,490387
2041,male,31,485970
2041,male,32,484975
2041,male,33,489561
2041,male,34,476965
2041,male,35,470822
2041,male,36,472548
2041,male,37,467413
2041,male,38,459571
2041,male,39,453186
2041,male,40,454830
2041,male,41,465198
2041,male,42,477125
2041,male,43,479334
2041,male,44,483620
2041,male,45,473026
2041,male,46,471935
2041,male,47,476875
2041,male,48,471997
2041,male,49,478920
2041,male,50,481592
2041,male,51,475786
2041,male,52,467736
2041,male,53,467408
2041,male,54,453492
2041,male,55,450201
2041,male,56,444654
2041,male,57,427987
2041,male,58,424814
2041,male,59,419842
2041,male,60,419980
2041,male,61,418725
2041,male,62,399530
2041,male,63,368259
2041,male,64,358884
2041,male,65,362783
2041,male,66,365691
2041,male,67,365490
2041,male,68,374962
2041,male,69,383332
2041,male,70,390727
2041,male,71,376218
2041,male,72,379036
2041,male,73,371584
2041,male,74,367669
2041,male,75,356907
2041,male,76,350744
2041,male,77,337189
2041,male,78,320348
2041,male,79,302420
2041,male,80,281491
2041,male,81,258902
2041,male,82,239785
2041,male,83,220361
2041,male,84,197160
2041,male,85,176331
2041,male,86,154840
2041,male,87,140092
2041,male,88,123647
2041,male,89,105448
2041,male,90,92869
2041,male,91,80500
2041,male,92,69516
2041,male,93,59851
2041,male,94,51492
2041,male,95,30038
2041,male,96,21294
2041,male,97,14977
2041,male,98,9292
2041,male,99,5332
2041,male,100,2918
2041,male,101,1781
2041,male,102,981
2041,male,103,491
2041,male,104,217
2041,male,105,124
