determination_year,uprating_april,cpi_september_12m,awe_total_pay_may_jul_3m_yoy,max_cpi_awe_2_5pct,note
2010,2011,0.031,0.012,0.031,"Latest ONS vintage (Sept 2026 release); the statutory uprating used first-published figures, which can differ"
2011,2012,0.052,0.028,0.052,"Latest ONS vintage (Sept 2026 release); the statutory uprating used first-published figures, which can differ"
2012,2013,0.022,0.015,0.025,"Latest ONS vintage (Sept 2026 release); the statutory uprating used first-published figures, which can differ"
2013,2014,0.027,0.012,0.027,"Latest ONS vintage (Sept 2026 release); the statutory uprating used first-published figures, which can differ"
2014,2015,0.012,0.005,0.025,"Latest ONS vintage (Sept 2026 release); the statutory uprating used first-published figures, which can differ"
2015,2016,-0.001,0.028,0.028,"Latest ONS vintage (Sept 2026 release); the statutory uprating used first-published figures, which can differ"
2016,2017,0.01,0.025,0.025,"Latest ONS vintage (Sept 2026 release); the statutory uprating used first-published figures, which can differ"
2017,2018,0.03,0.022,0.03,"Latest ONS vintage (Sept 2026 release); the statutory uprating used first-published figures, which can differ"
2018,2019,0.024,0.027,0.027,"Latest ONS vintage (Sept 2026 release); the statutory uprating used first-published figures, which can differ"
2019,2020,0.017,0.04,0.04,"Latest ONS vintage (Sept 2026 release); the statutory uprating used first-published figures, which can differ"
2020,2021,0.005,-0.009,0.025,"Latest ONS vintage (Sept 2026 release); the statutory uprating used first-published figures, which can differ"
2021,2022,0.031,0.084,0.084,"Latest ONS vintage (Sept 2026 release); the statutory uprating used first-published figures, which can differ"
2022,2023,0.101,0.055,0.101,"Latest ONS vintage (Sept 2026 release); the statutory uprating used first-published figures, which can differ"
2023,2024,0.067,0.085,0.085,"Latest ONS vintage (Sept 2026 release); the statutory uprating used first-published figures, which can differ"
2024,2025,0.017,0.044,0.044,"Latest ONS vintage (Sept 2026 release); the statutory uprating used first-published figures, which can differ"
2025,2026,0.038,0.049,0.049,"Latest ONS vintage (Sept 2026 release); the statutory uprating used first-published figures, which can differ"
2026,2027,,0.039,,"Latest ONS vintage (Sept 2026 release); the statutory uprating used first-published figures, which can differ"
